id,x,y,z,cluster_id
0,-13.000000,-13.000000,-7.000000,0
1,11.000000,-13.000000,5.000000,1
2,-13.000000,11.000000,5.000000,2
3,11.000000,11.000000,-7.000000,3
4,-12.260000,-11.895833,-5.613636,0
5,11.740000,-11.895833,6.386364,1
6,-12.260000,12.104167,6.386364,2
7,11.740000,12.104167,-5.613636,3
8,-11.520000,-12.812500,-6.250000,0
9,12.480000,-12.812500,5.750000,1
10,-11.520000,11.187500,5.750000,2
11,12.480000,11.187500,-6.250000,3
12,-12.800000,-11.708333,-6.886364,0
13,11.200000,-11.708333,5.113636,1
14,-12.800000,12.291667,5.113636,2
15,11.200000,12.291667,-6.886364,3
16,-12.060000,-12.625000,-5.500000,0
17,11.940000,-12.625000,6.500000,1
18,-12.060000,11.375000,6.500000,2
19,11.940000,11.375000,-5.500000,3
20,-11.320000,-11.520833,-6.136364,0
21,12.680000,-11.520833,5.863636,1
22,-11.320000,12.479167,5.863636,2
23,12.680000,12.479167,-6.136364,3
24,-12.600000,-12.437500,-6.772727,0
25,11.400000,-12.437500,5.227273,1
26,-12.600000,11.562500,5.227273,2
27,11.400000,11.562500,-6.772727,3
28,-11.860000,-11.333333,-5.386364,0
29,12.140000,-11.333333,6.613636,1
30,-11.860000,12.666667,6.613636,2
31,12.140000,12.666667,-5.386364,3
32,-11.120000,-12.250000,-6.022727,0
33,12.880000,-12.250000,5.977273,1
34,-11.120000,11.750000,5.977273,2
35,12.880000,11.750000,-6.022727,3
36,-12.400000,-11.145833,-6.659091,0
37,11.600000,-11.145833,5.340909,1
38,-12.400000,12.854167,5.340909,2
39,11.600000,12.854167,-6.659091,3
40,-11.660000,-12.062500,-5.272727,0
41,12.340000,-12.062500,6.727273,1
42,-11.660000,11.937500,6.727273,2
43,12.340000,11.937500,-5.272727,3
44,-12.940000,-12.979167,-5.909091,0
45,11.060000,-12.979167,6.090909,1
46,-12.940000,11.020833,6.090909,2
47,11.060000,11.020833,-5.909091,3
48,-12.200000,-11.875000,-6.545455,0
49,11.800000,-11.875000,5.454545,1
50,-12.200000,12.125000,5.454545,2
51,11.800000,12.125000,-6.545455,3
52,-11.460000,-12.791667,-5.159091,0
53,12.540000,-12.791667,6.840909,1
54,-11.460000,11.208333,6.840909,2
55,12.540000,11.208333,-5.159091,3
56,-12.740000,-11.687500,-5.795455,0
57,11.260000,-11.687500,6.204545,1
58,-12.740000,12.312500,6.204545,2
59,11.260000,12.312500,-5.795455,3
60,-12.000000,-12.604167,-6.431818,0
61,12.000000,-12.604167,5.568182,1
62,-12.000000,11.395833,5.568182,2
63,12.000000,11.395833,-6.431818,3
64,-11.260000,-11.500000,-5.045455,0
65,12.740000,-11.500000,6.954545,1
66,-11.260000,12.500000,6.954545,2
67,12.740000,12.500000,-5.045455,3
68,-12.540000,-12.416667,-5.681818,0
69,11.460000,-12.416667,6.318182,1
70,-12.540000,11.583333,6.318182,2
71,11.460000,11.583333,-5.681818,3
72,-11.800000,-11.312500,-6.318182,0
73,12.200000,-11.312500,5.681818,1
74,-11.800000,12.687500,5.681818,2
75,12.200000,12.687500,-6.318182,3
76,-11.060000,-12.229167,-6.954545,0
77,12.940000,-12.229167,5.045455,1
78,-11.060000,11.770833,5.045455,2
79,12.940000,11.770833,-6.954545,3
80,-12.340000,-11.125000,-5.568182,0
81,11.660000,-11.125000,6.431818,1
82,-12.340000,12.875000,6.431818,2
83,11.660000,12.875000,-5.568182,3
84,-11.600000,-12.041667,-6.204545,0
85,12.400000,-12.041667,5.795455,1
86,-11.600000,11.958333,5.795455,2
87,12.400000,11.958333,-6.204545,3
88,-12.880000,-12.958333,-6.840909,0
89,11.120000,-12.958333,5.159091,1
90,-12.880000,11.041667,5.159091,2
91,11.120000,11.041667,-6.840909,3
92,-12.140000,-11.854167,-5.454545,0
93,11.860000,-11.854167,6.545455,1
94,-12.140000,12.145833,6.545455,2
95,11.860000,12.145833,-5.454545,3
96,-11.400000,-12.770833,-6.090909,0
97,12.600000,-12.770833,5.909091,1
98,-11.400000,11.229167,5.909091,2
99,12.600000,11.229167,-6.090909,3
100,-12.680000,-11.666667,-6.727273,0
101,11.320000,-11.666667,5.272727,1
102,-12.680000,12.333333,5.272727,2
103,11.320000,12.333333,-6.727273,3
104,-11.940000,-12.583333,-5.340909,0
105,12.060000,-12.583333,6.659091,1
106,-11.940000,11.416667,6.659091,2
107,12.060000,11.416667,-5.340909,3
108,-11.200000,-11.479167,-5.977273,0
109,12.800000,-11.479167,6.022727,1
110,-11.200000,12.520833,6.022727,2
111,12.800000,12.520833,-5.977273,3
112,-12.480000,-12.395833,-6.613636,0
113,11.520000,-12.395833,5.386364,1
114,-12.480000,11.604167,5.386364,2
115,11.520000,11.604167,-6.613636,3
116,-11.740000,-11.291667,-5.227273,0
117,12.260000,-11.291667,6.772727,1
118,-11.740000,12.708333,6.772727,2
119,12.260000,12.708333,-5.227273,3
120,-11.000000,-12.208333,-5.863636,0
121,13.000000,-12.208333,6.136364,1
122,-11.000000,11.791667,6.136364,2
123,13.000000,11.791667,-5.863636,3
124,-12.280000,-11.104167,-6.500000,0
125,11.720000,-11.104167,5.500000,1
126,-12.280000,12.895833,5.500000,2
127,11.720000,12.895833,-6.500000,3
128,-11.540000,-12.020833,-5.113636,0
129,12.460000,-12.020833,6.886364,1
130,-11.540000,11.979167,6.886364,2
131,12.460000,11.979167,-5.113636,3
132,-12.820000,-12.937500,-5.750000,0
133,11.180000,-12.937500,6.250000,1
134,-12.820000,11.062500,6.250000,2
135,11.180000,11.062500,-5.750000,3
136,-12.080000,-11.833333,-6.386364,0
137,11.920000,-11.833333,5.613636,1
138,-12.080000,12.166667,5.613636,2
139,11.920000,12.166667,-6.386364,3
140,-11.340000,-12.750000,-5.000000,0
141,12.660000,-12.750000,7.000000,1
142,-11.340000,11.250000,7.000000,2
143,12.660000,11.250000,-5.000000,3
144,-12.620000,-11.645833,-5.636364,0
145,11.380000,-11.645833,6.363636,1
146,-12.620000,12.354167,6.363636,2
147,11.380000,12.354167,-5.636364,3
148,-11.880000,-12.562500,-6.272727,0
149,12.120000,-12.562500,5.727273,1
150,-11.880000,11.437500,5.727273,2
151,12.120000,11.437500,-6.272727,3
152,-11.140000,-11.458333,-6.909091,0
153,12.860000,-11.458333,5.090909,1
154,-11.140000,12.541667,5.090909,2
155,12.860000,12.541667,-6.909091,3
156,-12.420000,-12.375000,-5.522727,0
157,11.580000,-12.375000,6.477273,1
158,-12.420000,11.625000,6.477273,2
159,11.580000,11.625000,-5.522727,3
160,-11.680000,-11.270833,-6.159091,0
161,12.320000,-11.270833,5.840909,1
162,-11.680000,12.729167,5.840909,2
163,12.320000,12.729167,-6.159091,3
164,-12.960000,-12.187500,-6.795455,0
165,11.040000,-12.187500,5.204545,1
166,-12.960000,11.812500,5.204545,2
167,11.040000,11.812500,-6.795455,3
168,-12.220000,-11.083333,-5.409091,0
169,11.780000,-11.083333,6.590909,1
170,-12.220000,12.916667,6.590909,2
171,11.780000,12.916667,-5.409091,3
172,-11.480000,-12.000000,-6.045455,0
173,12.520000,-12.000000,5.954545,1
174,-11.480000,12.000000,5.954545,2
175,12.520000,12.000000,-6.045455,3
176,-12.760000,-12.916667,-6.681818,0
177,11.240000,-12.916667,5.318182,1
178,-12.760000,11.083333,5.318182,2
179,11.240000,11.083333,-6.681818,3
180,-12.020000,-11.812500,-5.295455,0
181,11.980000,-11.812500,6.704545,1
182,-12.020000,12.187500,6.704545,2
183,11.980000,12.187500,-5.295455,3
184,-11.280000,-12.729167,-5.931818,0
185,12.720000,-12.729167,6.068182,1
186,-11.280000,11.270833,6.068182,2
187,12.720000,11.270833,-5.931818,3
188,-12.560000,-11.625000,-6.568182,0
189,11.440000,-11.625000,5.431818,1
190,-12.560000,12.375000,5.431818,2
191,11.440000,12.375000,-6.568182,3
192,-11.820000,-12.541667,-5.181818,0
193,12.180000,-12.541667,6.818182,1
194,-11.820000,11.458333,6.818182,2
195,12.180000,11.458333,-5.181818,3
196,-11.080000,-11.437500,-5.818182,0
197,12.920000,-11.437500,6.181818,1
198,-11.080000,12.562500,6.181818,2
199,12.920000,12.562500,-5.818182,3
200,-12.360000,-12.354167,-6.454545,0
201,11.640000,-12.354167,5.545455,1
202,-12.360000,11.645833,5.545455,2
203,11.640000,11.645833,-6.454545,3
204,-11.620000,-11.250000,-5.068182,0
205,12.380000,-11.250000,6.931818,1
206,-11.620000,12.750000,6.931818,2
207,12.380000,12.750000,-5.068182,3
208,-12.900000,-12.166667,-5.704545,0
209,11.100000,-12.166667,6.295455,1
210,-12.900000,11.833333,6.295455,2
211,11.100000,11.833333,-5.704545,3
212,-12.160000,-11.062500,-6.340909,0
213,11.840000,-11.062500,5.659091,1
214,-12.160000,12.937500,5.659091,2
215,11.840000,12.937500,-6.340909,3
216,-11.420000,-11.979167,-6.977273,0
217,12.580000,-11.979167,5.022727,1
218,-11.420000,12.020833,5.022727,2
219,12.580000,12.020833,-6.977273,3
220,-12.700000,-12.895833,-5.590909,0
221,11.300000,-12.895833,6.409091,1
222,-12.700000,11.104167,6.409091,2
223,11.300000,11.104167,-5.590909,3
224,-11.960000,-11.791667,-6.227273,0
225,12.040000,-11.791667,5.772727,1
226,-11.960000,12.208333,5.772727,2
227,12.040000,12.208333,-6.227273,3
228,-11.220000,-12.708333,-6.863636,0
229,12.780000,-12.708333,5.136364,1
230,-11.220000,11.291667,5.136364,2
231,12.780000,11.291667,-6.863636,3
232,-12.500000,-11.604167,-5.477273,0
233,11.500000,-11.604167,6.522727,1
234,-12.500000,12.395833,6.522727,2
235,11.500000,12.395833,-5.477273,3
236,-11.760000,-12.520833,-6.113636,0
237,12.240000,-12.520833,5.886364,1
238,-11.760000,11.479167,5.886364,2
239,12.240000,11.479167,-6.113636,3
240,-11.020000,-11.416667,-6.750000,0
241,12.980000,-11.416667,5.250000,1
242,-11.020000,12.583333,5.250000,2
243,12.980000,12.583333,-6.750000,3
244,-12.300000,-12.333333,-5.363636,0
245,11.700000,-12.333333,6.636364,1
246,-12.300000,11.666667,6.636364,2
247,11.700000,11.666667,-5.363636,3
248,-11.560000,-11.229167,-6.000000,0
249,12.440000,-11.229167,6.000000,1
250,-11.560000,12.770833,6.000000,2
251,12.440000,12.770833,-6.000000,3
252,-12.840000,-12.145833,-6.636364,0
253,11.160000,-12.145833,5.363636,1
254,-12.840000,11.854167,5.363636,2
255,11.160000,11.854167,-6.636364,3
256,-12.100000,-11.041667,-5.250000,0
257,11.900000,-11.041667,6.750000,1
258,-12.100000,12.958333,6.750000,2
259,11.900000,12.958333,-5.250000,3
260,-11.360000,-11.958333,-5.886364,0
261,12.640000,-11.958333,6.113636,1
262,-11.360000,12.041667,6.113636,2
263,12.640000,12.041667,-5.886364,3
264,-12.640000,-12.875000,-6.522727,0
265,11.360000,-12.875000,5.477273,1
266,-12.640000,11.125000,5.477273,2
267,11.360000,11.125000,-6.522727,3
268,-11.900000,-11.770833,-5.136364,0
269,12.100000,-11.770833,6.863636,1
270,-11.900000,12.229167,6.863636,2
271,12.100000,12.229167,-5.136364,3
272,-11.160000,-12.687500,-5.772727,0
273,12.840000,-12.687500,6.227273,1
274,-11.160000,11.312500,6.227273,2
275,12.840000,11.312500,-5.772727,3
276,-12.440000,-11.583333,-6.409091,0
277,11.560000,-11.583333,5.590909,1
278,-12.440000,12.416667,5.590909,2
279,11.560000,12.416667,-6.409091,3
280,-11.700000,-12.500000,-5.022727,0
281,12.300000,-12.500000,6.977273,1
282,-11.700000,11.500000,6.977273,2
283,12.300000,11.500000,-5.022727,3
284,-12.980000,-11.395833,-5.659091,0
285,11.020000,-11.395833,6.340909,1
286,-12.980000,12.604167,6.340909,2
287,11.020000,12.604167,-5.659091,3
288,-12.240000,-12.312500,-6.295455,0
289,11.760000,-12.312500,5.704545,1
290,-12.240000,11.687500,5.704545,2
291,11.760000,11.687500,-6.295455,3
292,-11.500000,-11.208333,-6.931818,0
293,12.500000,-11.208333,5.068182,1
294,-11.500000,12.791667,5.068182,2
295,12.500000,12.791667,-6.931818,3
296,-12.780000,-12.125000,-5.545455,0
297,11.220000,-12.125000,6.454545,1
298,-12.780000,11.875000,6.454545,2
299,11.220000,11.875000,-5.545455,3
300,-12.040000,-11.020833,-6.181818,0
301,11.960000,-11.020833,5.818182,1
302,-12.040000,12.979167,5.818182,2
303,11.960000,12.979167,-6.181818,3
304,-11.300000,-11.937500,-6.818182,0
305,12.700000,-11.937500,5.181818,1
306,-11.300000,12.062500,5.181818,2
307,12.700000,12.062500,-6.818182,3
308,-12.580000,-12.854167,-5.431818,0
309,11.420000,-12.854167,6.568182,1
310,-12.580000,11.145833,6.568182,2
311,11.420000,11.145833,-5.431818,3
312,-11.840000,-11.750000,-6.068182,0
313,12.160000,-11.750000,5.931818,1
314,-11.840000,12.250000,5.931818,2
315,12.160000,12.250000,-6.068182,3
316,-11.100000,-12.666667,-6.704545,0
317,12.900000,-12.666667,5.295455,1
318,-11.100000,11.333333,5.295455,2
319,12.900000,11.333333,-6.704545,3
320,-12.380000,-11.562500,-5.318182,0
321,11.620000,-11.562500,6.681818,1
322,-12.380000,12.437500,6.681818,2
323,11.620000,12.437500,-5.318182,3
324,-11.640000,-12.479167,-5.954545,0
325,12.360000,-12.479167,6.045455,1
326,-11.640000,11.520833,6.045455,2
327,12.360000,11.520833,-5.954545,3
328,-12.920000,-11.375000,-6.590909,0
329,11.080000,-11.375000,5.409091,1
330,-12.920000,12.625000,5.409091,2
331,11.080000,12.625000,-6.590909,3
332,-12.180000,-12.291667,-5.204545,0
333,11.820000,-12.291667,6.795455,1
334,-12.180000,11.708333,6.795455,2
335,11.820000,11.708333,-5.204545,3
336,-11.440000,-11.187500,-5.840909,0
337,12.560000,-11.187500,6.159091,1
338,-11.440000,12.812500,6.159091,2
339,12.560000,12.812500,-5.840909,3
340,-12.720000,-12.104167,-6.477273,0
341,11.280000,-12.104167,5.522727,1
342,-12.720000,11.895833,5.522727,2
343,11.280000,11.895833,-6.477273,3
344,-11.980000,-11.000000,-5.090909,0
345,12.020000,-11.000000,6.909091,1
346,-11.980000,13.000000,6.909091,2
347,12.020000,13.000000,-5.090909,3
348,-11.240000,-11.916667,-5.727273,0
349,12.760000,-11.916667,6.272727,1
350,-11.240000,12.083333,6.272727,2
351,12.760000,12.083333,-5.727273,3
352,-12.520000,-12.833333,-6.363636,0
353,11.480000,-12.833333,5.636364,1
354,-12.520000,11.166667,5.636364,2
355,11.480000,11.166667,-6.363636,3
356,-11.780000,-11.729167,-7.000000,0
357,12.220000,-11.729167,5.000000,1
358,-11.780000,12.270833,5.000000,2
359,12.220000,12.270833,-7.000000,3
360,-11.040000,-12.645833,-5.613636,0
361,12.960000,-12.645833,6.386364,1
362,-11.040000,11.354167,6.386364,2
363,12.960000,11.354167,-5.613636,3
364,-12.320000,-11.541667,-6.250000,0
365,11.680000,-11.541667,5.750000,1
366,-12.320000,12.458333,5.750000,2
367,11.680000,12.458333,-6.250000,3
368,-11.580000,-12.458333,-6.886364,0
369,12.420000,-12.458333,5.113636,1
370,-11.580000,11.541667,5.113636,2
371,12.420000,11.541667,-6.886364,3
372,-12.860000,-11.354167,-5.500000,0
373,11.140000,-11.354167,6.500000,1
374,-12.860000,12.645833,6.500000,2
375,11.140000,12.645833,-5.500000,3
376,-12.120000,-12.270833,-6.136364,0
377,11.880000,-12.270833,5.863636,1
378,-12.120000,11.729167,5.863636,2
379,11.880000,11.729167,-6.136364,3
380,-11.380000,-11.166667,-6.772727,0
381,12.620000,-11.166667,5.227273,1
382,-11.380000,12.833333,5.227273,2
383,12.620000,12.833333,-6.772727,3
384,-12.660000,-12.083333,-5.386364,0
385,11.340000,-12.083333,6.613636,1
386,-12.660000,11.916667,6.613636,2
387,11.340000,11.916667,-5.386364,3
388,-11.920000,-13.000000,-6.022727,0
389,12.080000,-13.000000,5.977273,1
390,-11.920000,11.000000,5.977273,2
391,12.080000,11.000000,-6.022727,3
392,-11.180000,-11.895833,-6.659091,0
393,12.820000,-11.895833,5.340909,1
394,-11.180000,12.104167,5.340909,2
395,12.820000,12.104167,-6.659091,3
396,-12.460000,-12.812500,-5.272727,0
397,11.540000,-12.812500,6.727273,1
398,-12.460000,11.187500,6.727273,2
399,11.540000,11.187500,-5.272727,3
400,-11.720000,-11.708333,-5.909091,0
401,12.280000,-11.708333,6.090909,1
402,-11.720000,12.291667,6.090909,2
403,12.280000,12.291667,-5.909091,3
404,-13.000000,-12.625000,-6.545455,0
405,11.000000,-12.625000,5.454545,1
406,-13.000000,11.375000,5.454545,2
407,11.000000,11.375000,-6.545455,3
408,-12.260000,-11.520833,-5.159091,0
409,11.740000,-11.520833,6.840909,1
410,-12.260000,12.479167,6.840909,2
411,11.740000,12.479167,-5.159091,3
412,-11.520000,-12.437500,-5.795455,0
413,12.480000,-12.437500,6.204545,1
414,-11.520000,11.562500,6.204545,2
415,12.480000,11.562500,-5.795455,3
416,-12.800000,-11.333333,-6.431818,0
417,11.200000,-11.333333,5.568182,1
418,-12.800000,12.666667,5.568182,2
419,11.200000,12.666667,-6.431818,3
420,-12.060000,-12.250000,-5.045455,0
421,11.940000,-12.250000,6.954545,1
422,-12.060000,11.750000,6.954545,2
423,11.940000,11.750000,-5.045455,3
424,-11.320000,-11.145833,-5.681818,0
425,12.680000,-11.145833,6.318182,1
426,-11.320000,12.854167,6.318182,2
427,12.680000,12.854167,-5.681818,3
428,-12.600000,-12.062500,-6.318182,0
429,11.400000,-12.062500,5.681818,1
430,-12.600000,11.937500,5.681818,2
431,11.400000,11.937500,-6.318182,3
432,-11.860000,-12.979167,-6.954545,0
433,12.140000,-12.979167,5.045455,1
434,-11.860000,11.020833,5.045455,2
435,12.140000,11.020833,-6.954545,3
436,-11.120000,-11.875000,-5.568182,0
437,12.880000,-11.875000,6.431818,1
438,-11.120000,12.125000,6.431818,2
439,12.880000,12.125000,-5.568182,3
440,-12.400000,-12.791667,-6.204545,0
441,11.600000,-12.791667,5.795455,1
442,-12.400000,11.208333,5.795455,2
443,11.600000,11.208333,-6.204545,3
444,-11.660000,-11.687500,-6.840909,0
445,12.340000,-11.687500,5.159091,1
446,-11.660000,12.312500,5.159091,2
447,12.340000,12.312500,-6.840909,3
448,-12.940000,-12.604167,-5.454545,0
449,11.060000,-12.604167,6.545455,1
450,-12.940000,11.395833,6.545455,2
451,11.060000,11.395833,-5.454545,3
452,-12.200000,-11.500000,-6.090909,0
453,11.800000,-11.500000,5.909091,1
454,-12.200000,12.500000,5.909091,2
455,11.800000,12.500000,-6.090909,3
456,-11.460000,-12.416667,-6.727273,0
457,12.540000,-12.416667,5.272727,1
458,-11.460000,11.583333,5.272727,2
459,12.540000,11.583333,-6.727273,3
460,-12.740000,-11.312500,-5.340909,0
461,11.260000,-11.312500,6.659091,1
462,-12.740000,12.687500,6.659091,2
463,11.260000,12.687500,-5.340909,3
464,-12.000000,-12.229167,-5.977273,0
465,12.000000,-12.229167,6.022727,1
466,-12.000000,11.770833,6.022727,2
467,12.000000,11.770833,-5.977273,3
468,-11.260000,-11.125000,-6.613636,0
469,12.740000,-11.125000,5.386364,1
470,-11.260000,12.875000,5.386364,2
471,12.740000,12.875000,-6.613636,3
472,-12.540000,-12.041667,-5.227273,0
473,11.460000,-12.041667,6.772727,1
474,-12.540000,11.958333,6.772727,2
475,11.460000,11.958333,-5.227273,3
476,-11.800000,-12.958333,-5.863636,0
477,12.200000,-12.958333,6.136364,1
478,-11.800000,11.041667,6.136364,2
479,12.200000,11.041667,-5.863636,3
480,-11.060000,-11.854167,-6.500000,0
481,12.940000,-11.854167,5.500000,1
482,-11.060000,12.145833,5.500000,2
483,12.940000,12.145833,-6.500000,3
484,-12.340000,-12.770833,-5.113636,0
485,11.660000,-12.770833,6.886364,1
486,-12.340000,11.229167,6.886364,2
487,11.660000,11.229167,-5.113636,3
488,-11.600000,-11.666667,-5.750000,0
489,12.400000,-11.666667,6.250000,1
490,-11.600000,12.333333,6.250000,2
491,12.400000,12.333333,-5.750000,3
492,-12.880000,-12.583333,-6.386364,0
493,11.120000,-12.583333,5.613636,1
494,-12.880000,11.416667,5.613636,2
495,11.120000,11.416667,-6.386364,3
496,-12.140000,-11.479167,-5.000000,0
497,11.860000,-11.479167,7.000000,1
498,-12.140000,12.520833,7.000000,2
499,11.860000,12.520833,-5.000000,3
500,-11.400000,-12.395833,-5.636364,0
501,12.600000,-12.395833,6.363636,1
502,-11.400000,11.604167,6.363636,2
503,12.600000,11.604167,-5.636364,3
504,-12.680000,-11.291667,-6.272727,0
505,11.320000,-11.291667,5.727273,1
506,-12.680000,12.708333,5.727273,2
507,11.320000,12.708333,-6.272727,3
508,-11.940000,-12.208333,-6.909091,0
509,12.060000,-12.208333,5.090909,1
510,-11.940000,11.791667,5.090909,2
511,12.060000,11.791667,-6.909091,3
512,-11.200000,-11.104167,-5.522727,0
513,12.800000,-11.104167,6.477273,1
514,-11.200000,12.895833,6.477273,2
515,12.800000,12.895833,-5.522727,3
516,-12.480000,-12.020833,-6.159091,0
517,11.520000,-12.020833,5.840909,1
518,-12.480000,11.979167,5.840909,2
519,11.520000,11.979167,-6.159091,3
520,-11.740000,-12.937500,-6.795455,0
521,12.260000,-12.937500,5.204545,1
522,-11.740000,11.062500,5.204545,2
523,12.260000,11.062500,-6.795455,3
524,-11.000000,-11.833333,-5.409091,0
525,13.000000,-11.833333,6.590909,1
526,-11.000000,12.166667,6.590909,2
527,13.000000,12.166667,-5.409091,3
528,-12.280000,-12.750000,-6.045455,0
529,11.720000,-12.750000,5.954545,1
530,-12.280000,11.250000,5.954545,2
531,11.720000,11.250000,-6.045455,3
532,-11.540000,-11.645833,-6.681818,0
533,12.460000,-11.645833,5.318182,1
534,-11.540000,12.354167,5.318182,2
535,12.460000,12.354167,-6.681818,3
536,-12.820000,-12.562500,-5.295455,0
537,11.180000,-12.562500,6.704545,1
538,-12.820000,11.437500,6.704545,2
539,11.180000,11.437500,-5.295455,3
540,-12.080000,-11.458333,-5.931818,0
541,11.920000,-11.458333,6.068182,1
542,-12.080000,12.541667,6.068182,2
543,11.920000,12.541667,-5.931818,3
544,-11.340000,-12.375000,-6.568182,0
545,12.660000,-12.375000,5.431818,1
546,-11.340000,11.625000,5.431818,2
547,12.660000,11.625000,-6.568182,3
548,-12.620000,-11.270833,-5.181818,0
549,11.380000,-11.270833,6.818182,1
550,-12.620000,12.729167,6.818182,2
551,11.380000,12.729167,-5.181818,3
552,-11.880000,-12.187500,-5.818182,0
553,12.120000,-12.187500,6.181818,1
554,-11.880000,11.812500,6.181818,2
555,12.120000,11.812500,-5.818182,3
556,-11.140000,-11.083333,-6.454545,0
557,12.860000,-11.083333,5.545455,1
558,-11.140000,12.916667,5.545455,2
559,12.860000,12.916667,-6.454545,3
560,-12.420000,-12.000000,-5.068182,0
561,11.580000,-12.000000,6.931818,1
562,-12.420000,12.000000,6.931818,2
563,11.580000,12.000000,-5.068182,3
564,-11.680000,-12.916667,-5.704545,0
565,12.320000,-12.916667,6.295455,1
566,-11.680000,11.083333,6.295455,2
567,12.320000,11.083333,-5.704545,3
568,-12.960000,-11.812500,-6.340909,0
569,11.040000,-11.812500,5.659091,1
570,-12.960000,12.187500,5.659091,2
571,11.040000,12.187500,-6.340909,3
572,-12.220000,-12.729167,-6.977273,0
573,11.780000,-12.729167,5.022727,1
574,-12.220000,11.270833,5.022727,2
575,11.780000,11.270833,-6.977273,3
576,-11.480000,-11.625000,-5.590909,0
577,12.520000,-11.625000,6.409091,1
578,-11.480000,12.375000,6.409091,2
579,12.520000,12.375000,-5.590909,3
580,-12.760000,-12.541667,-6.227273,0
581,11.240000,-12.541667,5.772727,1
582,-12.760000,11.458333,5.772727,2
583,11.240000,11.458333,-6.227273,3
584,-12.020000,-11.437500,-6.863636,0
585,11.980000,-11.437500,5.136364,1
586,-12.020000,12.562500,5.136364,2
587,11.980000,12.562500,-6.863636,3
588,-11.280000,-12.354167,-5.477273,0
589,12.720000,-12.354167,6.522727,1
590,-11.280000,11.645833,6.522727,2
591,12.720000,11.645833,-5.477273,3
592,-12.560000,-11.250000,-6.113636,0
593,11.440000,-11.250000,5.886364,1
594,-12.560000,12.750000,5.886364,2
595,11.440000,12.750000,-6.113636,3
596,-11.820000,-12.166667,-6.750000,0
597,12.180000,-12.166667,5.250000,1
598,-11.820000,11.833333,5.250000,2
599,12.180000,11.833333,-6.750000,3
600,-11.080000,-11.062500,-5.363636,0
601,12.920000,-11.062500,6.636364,1
602,-11.080000,12.937500,6.636364,2
603,12.920000,12.937500,-5.363636,3
604,-12.360000,-11.979167,-6.000000,0
605,11.640000,-11.979167,6.000000,1
606,-12.360000,12.020833,6.000000,2
607,11.640000,12.020833,-6.000000,3
608,-11.620000,-12.895833,-6.636364,0
609,12.380000,-12.895833,5.363636,1
610,-11.620000,11.104167,5.363636,2
611,12.380000,11.104167,-6.636364,3
612,-12.900000,-11.791667,-5.250000,0
613,11.100000,-11.791667,6.750000,1
614,-12.900000,12.208333,6.750000,2
615,11.100000,12.208333,-5.250000,3
616,-12.160000,-12.708333,-5.886364,0
617,11.840000,-12.708333,6.113636,1
618,-12.160000,11.291667,6.113636,2
619,11.840000,11.291667,-5.886364,3
620,-11.420000,-11.604167,-6.522727,0
621,12.580000,-11.604167,5.477273,1
622,-11.420000,12.395833,5.477273,2
623,12.580000,12.395833,-6.522727,3
624,-12.700000,-12.520833,-5.136364,0
625,11.300000,-12.520833,6.863636,1
626,-12.700000,11.479167,6.863636,2
627,11.300000,11.479167,-5.136364,3
628,-11.960000,-11.416667,-5.772727,0
629,12.040000,-11.416667,6.227273,1
630,-11.960000,12.583333,6.227273,2
631,12.040000,12.583333,-5.772727,3
632,-11.220000,-12.333333,-6.409091,0
633,12.780000,-12.333333,5.590909,1
634,-11.220000,11.666667,5.590909,2
635,12.780000,11.666667,-6.409091,3
636,-12.500000,-11.229167,-5.022727,0
637,11.500000,-11.229167,6.977273,1
638,-12.500000,12.770833,6.977273,2
639,11.500000,12.770833,-5.022727,3
640,-11.760000,-12.145833,-5.659091,0
641,12.240000,-12.145833,6.340909,1
642,-11.760000,11.854167,6.340909,2
643,12.240000,11.854167,-5.659091,3
644,-11.020000,-11.041667,-6.295455,0
645,12.980000,-11.041667,5.704545,1
646,-11.020000,12.958333,5.704545,2
647,12.980000,12.958333,-6.295455,3
648,-12.300000,-11.958333,-6.931818,0
649,11.700000,-11.958333,5.068182,1
650,-12.300000,12.041667,5.068182,2
651,11.700000,12.041667,-6.931818,3
652,-11.560000,-12.875000,-5.545455,0
653,12.440000,-12.875000,6.454545,1
654,-11.560000,11.125000,6.454545,2
655,12.440000,11.125000,-5.545455,3
656,-12.840000,-11.770833,-6.181818,0
657,11.160000,-11.770833,5.818182,1
658,-12.840000,12.229167,5.818182,2
659,11.160000,12.229167,-6.181818,3
660,-12.100000,-12.687500,-6.818182,0
661,11.900000,-12.687500,5.181818,1
662,-12.100000,11.312500,5.181818,2
663,11.900000,11.312500,-6.818182,3
664,-11.360000,-11.583333,-5.431818,0
665,12.640000,-11.583333,6.568182,1
666,-11.360000,12.416667,6.568182,2
667,12.640000,12.416667,-5.431818,3
668,-12.640000,-12.500000,-6.068182,0
669,11.360000,-12.500000,5.931818,1
670,-12.640000,11.500000,5.931818,2
671,11.360000,11.500000,-6.068182,3
672,-11.900000,-11.395833,-6.704545,0
673,12.100000,-11.395833,5.295455,1
674,-11.900000,12.604167,5.295455,2
675,12.100000,12.604167,-6.704545,3
676,-11.160000,-12.312500,-5.318182,0
677,12.840000,-12.312500,6.681818,1
678,-11.160000,11.687500,6.681818,2
679,12.840000,11.687500,-5.318182,3
680,-12.440000,-11.208333,-5.954545,0
681,11.560000,-11.208333,6.045455,1
682,-12.440000,12.791667,6.045455,2
683,11.560000,12.791667,-5.954545,3
684,-11.700000,-12.125000,-6.590909,0
685,12.300000,-12.125000,5.409091,1
686,-11.700000,11.875000,5.409091,2
687,12.300000,11.875000,-6.590909,3
688,-12.980000,-11.020833,-5.204545,0
689,11.020000,-11.020833,6.795455,1
690,-12.980000,12.979167,6.795455,2
691,11.020000,12.979167,-5.204545,3
692,-12.240000,-11.937500,-5.840909,0
693,11.760000,-11.937500,6.159091,1
694,-12.240000,12.062500,6.159091,2
695,11.760000,12.062500,-5.840909,3
696,-11.500000,-12.854167,-6.477273,0
697,12.500000,-12.854167,5.522727,1
698,-11.500000,11.145833,5.522727,2
699,12.500000,11.145833,-6.477273,3
700,-12.780000,-11.750000,-5.090909,0
701,11.220000,-11.750000,6.909091,1
702,-12.780000,12.250000,6.909091,2
703,11.220000,12.250000,-5.090909,3
704,-12.040000,-12.666667,-5.727273,0
705,11.960000,-12.666667,6.272727,1
706,-12.040000,11.333333,6.272727,2
707,11.960000,11.333333,-5.727273,3
708,-11.300000,-11.562500,-6.363636,0
709,12.700000,-11.562500,5.636364,1
710,-11.300000,12.437500,5.636364,2
711,12.700000,12.437500,-6.363636,3
712,-12.580000,-12.479167,-7.000000,0
713,11.420000,-12.479167,5.000000,1
714,-12.580000,11.520833,5.000000,2
715,11.420000,11.520833,-7.000000,3
716,-11.840000,-11.375000,-5.613636,0
717,12.160000,-11.375000,6.386364,1
718,-11.840000,12.625000,6.386364,2
719,12.160000,12.625000,-5.613636,3
720,-11.100000,-12.291667,-6.250000,0
721,12.900000,-12.291667,5.750000,1
722,-11.100000,11.708333,5.750000,2
723,12.900000,11.708333,-6.250000,3
724,-12.380000,-11.187500,-6.886364,0
725,11.620000,-11.187500,5.113636,1
726,-12.380000,12.812500,5.113636,2
727,11.620000,12.812500,-6.886364,3
728,-11.640000,-12.104167,-5.500000,0
729,12.360000,-12.104167,6.500000,1
730,-11.640000,11.895833,6.500000,2
731,12.360000,11.895833,-5.500000,3
732,-12.920000,-11.000000,-6.136364,0
733,11.080000,-11.000000,5.863636,1
734,-12.920000,13.000000,5.863636,2
735,11.080000,13.000000,-6.136364,3
736,-12.180000,-11.916667,-6.772727,0
737,11.820000,-11.916667,5.227273,1
738,-12.180000,12.083333,5.227273,2
739,11.820000,12.083333,-6.772727,3
740,-11.440000,-12.833333,-5.386364,0
741,12.560000,-12.833333,6.613636,1
742,-11.440000,11.166667,6.613636,2
743,12.560000,11.166667,-5.386364,3
744,-12.720000,-11.729167,-6.022727,0
745,11.280000,-11.729167,5.977273,1
746,-12.720000,12.270833,5.977273,2
747,11.280000,12.270833,-6.022727,3
748,-11.980000,-12.645833,-6.659091,0
749,12.020000,-12.645833,5.340909,1
750,-11.980000,11.354167,5.340909,2
751,12.020000,11.354167,-6.659091,3
752,-11.240000,-11.541667,-5.272727,0
753,12.760000,-11.541667,6.727273,1
754,-11.240000,12.458333,6.727273,2
755,12.760000,12.458333,-5.272727,3
756,-12.520000,-12.458333,-5.909091,0
757,11.480000,-12.458333,6.090909,1
758,-12.520000,11.541667,6.090909,2
759,11.480000,11.541667,-5.909091,3
760,-11.780000,-11.354167,-6.545455,0
761,12.220000,-11.354167,5.454545,1
762,-11.780000,12.645833,5.454545,2
763,12.220000,12.645833,-6.545455,3
764,-11.040000,-12.270833,-5.159091,0
765,12.960000,-12.270833,6.840909,1
766,-11.040000,11.729167,6.840909,2
767,12.960000,11.729167,-5.159091,3
768,-12.320000,-11.166667,-5.795455,0
769,11.680000,-11.166667,6.204545,1
770,-12.320000,12.833333,6.204545,2
771,11.680000,12.833333,-5.795455,3
772,-11.580000,-12.083333,-6.431818,0
773,12.420000,-12.083333,5.568182,1
774,-11.580000,11.916667,5.568182,2
775,12.420000,11.916667,-6.431818,3
776,-12.860000,-13.000000,-5.045455,0
777,11.140000,-13.000000,6.954545,1
778,-12.860000,11.000000,6.954545,2
779,11.140000,11.000000,-5.045455,3
780,-12.120000,-11.895833,-5.681818,0
781,11.880000,-11.895833,6.318182,1
782,-12.120000,12.104167,6.318182,2
783,11.880000,12.104167,-5.681818,3
784,-11.380000,-12.812500,-6.318182,0
785,12.620000,-12.812500,5.681818,1
786,-11.380000,11.187500,5.681818,2
787,12.620000,11.187500,-6.318182,3
788,-12.660000,-11.708333,-6.954545,0
789,11.340000,-11.708333,5.045455,1
790,-12.660000,12.291667,5.045455,2
791,11.340000,12.291667,-6.954545,3
792,-11.920000,-12.625000,-5.568182,0
793,12.080000,-12.625000,6.431818,1
794,-11.920000,11.375000,6.431818,2
795,12.080000,11.375000,-5.568182,3
796,-11.180000,-11.520833,-6.204545,0
797,12.820000,-11.520833,5.795455,1
798,-11.180000,12.479167,5.795455,2
799,12.820000,12.479167,-6.204545,3
800,-12.460000,-12.437500,-6.840909,0
801,11.540000,-12.437500,5.159091,1
802,-12.460000,11.562500,5.159091,2
803,11.540000,11.562500,-6.840909,3
804,-11.720000,-11.333333,-5.454545,0
805,12.280000,-11.333333,6.545455,1
806,-11.720000,12.666667,6.545455,2
807,12.280000,12.666667,-5.454545,3
808,-13.000000,-12.250000,-6.090909,0
809,11.000000,-12.250000,5.909091,1
810,-13.000000,11.750000,5.909091,2
811,11.000000,11.750000,-6.090909,3
812,-12.260000,-11.145833,-6.727273,0
813,11.740000,-11.145833,5.272727,1
814,-12.260000,12.854167,5.272727,2
815,11.740000,12.854167,-6.727273,3
816,-11.520000,-12.062500,-5.340909,0
817,12.480000,-12.062500,6.659091,1
818,-11.520000,11.937500,6.659091,2
819,12.480000,11.937500,-5.340909,3
820,-12.800000,-12.979167,-5.977273,0
821,11.200000,-12.979167,6.022727,1
822,-12.800000,11.020833,6.022727,2
823,11.200000,11.020833,-5.977273,3
824,-12.060000,-11.875000,-6.613636,0
825,11.940000,-11.875000,5.386364,1
826,-12.060000,12.125000,5.386364,2
827,11.940000,12.125000,-6.613636,3
828,-11.320000,-12.791667,-5.227273,0
829,12.680000,-12.791667,6.772727,1
830,-11.320000,11.208333,6.772727,2
831,12.680000,11.208333,-5.227273,3
832,-12.600000,-11.687500,-5.863636,0
833,11.400000,-11.687500,6.136364,1
834,-12.600000,12.312500,6.136364,2
835,11.400000,12.312500,-5.863636,3
836,-11.860000,-12.604167,-6.500000,0
837,12.140000,-12.604167,5.500000,1
838,-11.860000,11.395833,5.500000,2
839,12.140000,11.395833,-6.500000,3
840,-11.120000,-11.500000,-5.113636,0
841,12.880000,-11.500000,6.886364,1
842,-11.120000,12.500000,6.886364,2
843,12.880000,12.500000,-5.113636,3
844,-12.400000,-12.416667,-5.750000,0
845,11.600000,-12.416667,6.250000,1
846,-12.400000,11.583333,6.250000,2
847,11.600000,11.583333,-5.750000,3
848,-11.660000,-11.312500,-6.386364,0
849,12.340000,-11.312500,5.613636,1
850,-11.660000,12.687500,5.613636,2
851,12.340000,12.687500,-6.386364,3
852,-12.940000,-12.229167,-5.000000,0
853,11.060000,-12.229167,7.000000,1
854,-12.940000,11.770833,7.000000,2
855,11.060000,11.770833,-5.000000,3
856,-12.200000,-11.125000,-5.636364,0
857,11.800000,-11.125000,6.363636,1
858,-12.200000,12.875000,6.363636,2
859,11.800000,12.875000,-5.636364,3
860,-11.460000,-12.041667,-6.272727,0
861,12.540000,-12.041667,5.727273,1
862,-11.460000,11.958333,5.727273,2
863,12.540000,11.958333,-6.272727,3
864,-12.740000,-12.958333,-6.909091,0
865,11.260000,-12.958333,5.090909,1
866,-12.740000,11.041667,5.090909,2
867,11.260000,11.041667,-6.909091,3
868,-12.000000,-11.854167,-5.522727,0
869,12.000000,-11.854167,6.477273,1
870,-12.000000,12.145833,6.477273,2
871,12.000000,12.145833,-5.522727,3
872,-11.260000,-12.770833,-6.159091,0
873,12.740000,-12.770833,5.840909,1
874,-11.260000,11.229167,5.840909,2
875,12.740000,11.229167,-6.159091,3
876,-12.540000,-11.666667,-6.795455,0
877,11.460000,-11.666667,5.204545,1
878,-12.540000,12.333333,5.204545,2
879,11.460000,12.333333,-6.795455,3
880,-11.800000,-12.583333,-5.409091,0
881,12.200000,-12.583333,6.590909,1
882,-11.800000,11.416667,6.590909,2
883,12.200000,11.416667,-5.409091,3
884,-11.060000,-11.479167,-6.045455,0
885,12.940000,-11.479167,5.954545,1
886,-11.060000,12.520833,5.954545,2
887,12.940000,12.520833,-6.045455,3
888,-12.340000,-12.395833,-6.681818,0
889,11.660000,-12.395833,5.318182,1
890,-12.340000,11.604167,5.318182,2
891,11.660000,11.604167,-6.681818,3
892,-11.600000,-11.291667,-5.295455,0
893,12.400000,-11.291667,6.704545,1
894,-11.600000,12.708333,6.704545,2
895,12.400000,12.708333,-5.295455,3
896,-12.880000,-12.208333,-5.931818,0
897,11.120000,-12.208333,6.068182,1
898,-12.880000,11.791667,6.068182,2
899,11.120000,11.791667,-5.931818,3
900,-12.140000,-11.104167,-6.568182,0
901,11.860000,-11.104167,5.431818,1
902,-12.140000,12.895833,5.431818,2
903,11.860000,12.895833,-6.568182,3
904,-11.400000,-12.020833,-5.181818,0
905,12.600000,-12.020833,6.818182,1
906,-11.400000,11.979167,6.818182,2
907,12.600000,11.979167,-5.181818,3
908,-12.680000,-12.937500,-5.818182,0
909,11.320000,-12.937500,6.181818,1
910,-12.680000,11.062500,6.181818,2
911,11.320000,11.062500,-5.818182,3
912,-11.940000,-11.833333,-6.454545,0
913,12.060000,-11.833333,5.545455,1
914,-11.940000,12.166667,5.545455,2
915,12.060000,12.166667,-6.454545,3
916,-11.200000,-12.750000,-5.068182,0
917,12.800000,-12.750000,6.931818,1
918,-11.200000,11.250000,6.931818,2
919,12.800000,11.250000,-5.068182,3
920,-12.480000,-11.645833,-5.704545,0
921,11.520000,-11.645833,6.295455,1
922,-12.480000,12.354167,6.295455,2
923,11.520000,12.354167,-5.704545,3
924,-11.740000,-12.562500,-6.340909,0
925,12.260000,-12.562500,5.659091,1
926,-11.740000,11.437500,5.659091,2
927,12.260000,11.437500,-6.340909,3
928,-11.000000,-11.458333,-6.977273,0
929,13.000000,-11.458333,5.022727,1
930,-11.000000,12.541667,5.022727,2
931,13.000000,12.541667,-6.977273,3
932,-12.280000,-12.375000,-5.590909,0
933,11.720000,-12.375000,6.409091,1
934,-12.280000,11.625000,6.409091,2
935,11.720000,11.625000,-5.590909,3
936,-11.540000,-11.270833,-6.227273,0
937,12.460000,-11.270833,5.772727,1
938,-11.540000,12.729167,5.772727,2
939,12.460000,12.729167,-6.227273,3
940,-12.820000,-12.187500,-6.863636,0
941,11.180000,-12.187500,5.136364,1
942,-12.820000,11.812500,5.136364,2
943,11.180000,11.812500,-6.863636,3
944,-12.080000,-11.083333,-5.477273,0
945,11.920000,-11.083333,6.522727,1
946,-12.080000,12.916667,6.522727,2
947,11.920000,12.916667,-5.477273,3
948,-11.340000,-12.000000,-6.113636,0
949,12.660000,-12.000000,5.886364,1
950,-11.340000,12.000000,5.886364,2
951,12.660000,12.000000,-6.113636,3
952,-12.620000,-12.916667,-6.750000,0
953,11.380000,-12.916667,5.250000,1
954,-12.620000,11.083333,5.250000,2
955,11.380000,11.083333,-6.750000,3
956,-11.880000,-11.812500,-5.363636,0
957,12.120000,-11.812500,6.636364,1
958,-11.880000,12.187500,6.636364,2
959,12.120000,12.187500,-5.363636,3
960,-11.140000,-12.729167,-6.000000,0
961,12.860000,-12.729167,6.000000,1
962,-11.140000,11.270833,6.000000,2
963,12.860000,11.270833,-6.000000,3
964,-12.420000,-11.625000,-6.636364,0
965,11.580000,-11.625000,5.363636,1
966,-12.420000,12.375000,5.363636,2
967,11.580000,12.375000,-6.636364,3
968,-11.680000,-12.541667,-5.250000,0
969,12.320000,-12.541667,6.750000,1
970,-11.680000,11.458333,6.750000,2
971,12.320000,11.458333,-5.250000,3
972,-12.960000,-11.437500,-5.886364,0
973,11.040000,-11.437500,6.113636,1
974,-12.960000,12.562500,6.113636,2
975,11.040000,12.562500,-5.886364,3
976,-12.220000,-12.354167,-6.522727,0
977,11.780000,-12.354167,5.477273,1
978,-12.220000,11.645833,5.477273,2
979,11.780000,11.645833,-6.522727,3
980,-11.480000,-11.250000,-5.136364,0
981,12.520000,-11.250000,6.863636,1
982,-11.480000,12.750000,6.863636,2
983,12.520000,12.750000,-5.136364,3
984,-12.760000,-12.166667,-5.772727,0
985,11.240000,-12.166667,6.227273,1
986,-12.760000,11.833333,6.227273,2
987,11.240000,11.833333,-5.772727,3
988,-12.020000,-11.062500,-6.409091,0
989,11.980000,-11.062500,5.590909,1
990,-12.020000,12.937500,5.590909,2
991,11.980000,12.937500,-6.409091,3
992,-11.280000,-11.979167,-5.022727,0
993,12.720000,-11.979167,6.977273,1
994,-11.280000,12.020833,6.977273,2
995,12.720000,12.020833,-5.022727,3
996,-12.560000,-12.895833,-5.659091,0
997,11.440000,-12.895833,6.340909,1
998,-12.560000,11.104167,6.340909,2
999,11.440000,11.104167,-5.659091,3
