id,x,y,z,category
0,-0.25413962,0.72755699,-0.73684551,c5
1,0.01577600,0.02471287,-0.33112200,c2
2,0.78756789,0.91155256,0.50335408,c3
3,0.29597963,-0.02925135,0.86940265,c6
4,-0.71767626,0.39771329,0.19092670,c6
5,0.89938885,-0.29810784,0.51723357,c5
6,-0.48326241,0.11313649,0.99337189,c6
7,-0.41735495,0.72440332,-0.09726592,c6
8,0.19892788,0.90203374,0.18817455,c2
9,-0.43508597,0.99485943,0.85789346,c2
10,-0.05319692,0.87338713,-0.81766383,c5
11,0.32866725,-0.66968858,-0.91164176,c3
12,0.40134297,-0.12639451,-0.34309389,c3
13,0.04546310,0.94344012,0.13046340,c3
14,0.96487984,-0.91581931,0.33651280,c5
15,-0.37327188,0.10271246,-0.06673635,c4
16,-0.83562021,-0.25565617,0.38389506,c1
17,0.39953827,-0.08246221,0.06556470,c5
18,0.63972396,0.99872153,-0.58056673,c5
19,-0.59259983,-0.75157593,-0.45204553,c1
20,0.75698977,0.86999216,0.16568070,c3
21,0.33603236,0.74213414,-0.69016565,c5
22,-0.15326782,0.35654210,-0.28310530,c5
23,0.06414654,-0.00815800,-0.72854953,c1
24,0.06726495,0.65512201,-0.56643203,c4
25,0.83922882,-0.17771101,0.05092492,c4
26,-0.10705815,-0.49149698,-0.53804017,c0
27,0.07832098,-0.30005988,-0.70371296,c5
28,0.22743798,0.67813304,-0.12137257,c6
29,-0.20619829,0.26814026,0.64250464,c1
30,0.14203095,0.54179300,0.45995703,c5
31,-0.35583212,-0.99272956,-0.70648477,c6
32,0.23888217,-0.18374695,-0.92330475,c5
33,-0.39018426,-0.98009597,0.22925733,c0
34,-0.36068192,0.40492888,0.71348030,c4
35,0.29382224,0.94096308,-0.96229833,c6
36,0.59711143,-0.62946207,-0.88662676,c3
37,0.84772623,-0.02712552,-0.62811754,c0
38,0.73676248,0.03275564,-0.95261075,c3
39,0.52230971,0.04572629,-0.96807136,c1
40,0.91678029,0.19087171,-0.79097116,c0
41,-0.15662088,-0.89757607,0.67209512,c2
42,0.71796398,-0.52855363,-0.26619087,c0
43,-0.58745346,-0.49115354,-0.86720596,c5
44,-0.44331606,-0.19903343,0.34379510,c3
45,0.33301099,-0.41099718,-0.60237398,c3
46,-0.57683692,-0.99649771,-0.88286919,c5
47,0.26033962,0.28518809,-0.82458860,c3
48,-0.75524186,-0.47663723,-0.11742930,c5
49,-0.92175097,0.94313972,0.10722150,c1
50,0.87424088,0.27275275,0.23901079,c3
51,0.19938646,0.22219379,-0.40159014,c2
52,0.70307934,-0.39557127,0.20001995,c5
53,-0.50888893,0.13044130,-0.72435648,c6
54,0.89971910,-0.59064478,-0.53662883,c4
55,-0.17372481,-0.81511567,0.06893421,c0
56,0.27286455,0.33936098,-0.69442722,c0
57,-0.74099444,0.69659239,-0.08133033,c3
58,0.75976010,0.15479529,-0.89860029,c2
59,0.82548457,0.18085858,0.10764484,c3
60,-0.46052854,-0.80281582,-0.53157525,c4
61,-0.03026844,-0.10764408,0.21809316,c3
62,0.77116686,0.98688669,0.03654977,c5
63,-0.40561601,0.48529355,-0.28628222,c5
64,0.95739834,-0.05424889,-0.15746297,c1
65,0.73647877,-0.20142703,0.14672283,c4
66,-0.06761702,0.24477126,0.34954036,c0
67,0.86823346,0.76594435,-0.01015532,c5
68,-0.52471588,-0.22325731,-0.90836356,c5
69,-0.17717248,0.45116272,0.09338315,c0
70,-0.45150732,-0.74608103,-0.05664392,c0
71,-0.65481640,0.20814424,-0.23276719,c2
72,0.16090834,0.43066793,0.01421541,c4
73,0.26774875,0.96612248,-0.51208580,c6
74,0.85622083,-0.54887208,-0.83175282,c0
75,-0.68872431,-0.36019540,0.23060508,c4
76,-0.17380883,-0.67813599,0.16853199,c4
77,-0.48939596,0.66452769,-0.57382831,c6
78,0.64893290,-0.49047568,-0.55327046,c3
79,0.26544160,0.65641494,-0.45679999,c1
80,0.65219338,0.66349621,0.49760987,c5
81,-0.98385442,0.19753192,-0.70497303,c0
82,0.90163500,0.46356253,-0.10141536,c3
83,0.54450385,0.74604286,-0.52822825,c1
84,-0.18588359,0.59255793,-0.04576165,c0
85,-0.10048380,0.67136686,-0.60263301,c6
86,0.39597384,0.83402502,-0.03414040,c6
87,0.94817557,0.41433414,0.01159007,c5
88,-0.89369771,0.29487070,0.12597236,c5
89,0.55124934,0.77234232,-0.42290566,c1
90,0.34523680,-0.24697763,0.03786718,c1
91,0.36406052,0.30951265,0.01144038,c0
92,0.56723369,-0.86991581,-0.13986753,c1
93,0.26226907,-0.10815375,-0.15587276,c4
94,0.01935184,0.08899332,0.07618573,c1
95,-0.60734692,0.34738038,-0.20137630,c5
96,0.10453390,-0.24332382,-0.11119516,c1
97,0.84889009,-0.74865531,0.99939952,c3
98,0.36988757,-0.42829530,0.23965926,c1
99,-0.02766173,0.83631747,-0.19604331,c1
100,-0.88003317,-0.74304743,-0.54615871,c2
101,0.27781773,-0.97261814,-0.74013935,c3
102,-0.34494679,-0.08274851,-0.49060263,c3
103,-0.99560828,-0.39771784,-0.81322839,c1
104,0.13443703,0.26204741,0.93185926,c1
105,0.29114793,-0.52341995,0.88347572,c3
106,-0.93530137,-0.04694322,0.31377532,c1
107,-0.02202031,-0.88618916,0.45991637,c6
108,0.41298965,0.07692284,0.45924179,c3
109,0.03136726,0.06063972,0.79422543,c5
110,0.34531429,0.74287180,-0.84656602,c4
111,0.59515906,-0.39298200,0.11475449,c4
112,-0.41018949,-0.19463085,0.55713757,c3
113,-0.33364708,0.57133941,-0.79289388,c6
114,-0.57496869,0.71177588,-0.77372017,c3
115,0.39587735,0.21059628,-0.75383487,c1
116,-0.70677400,-0.52499525,0.75646090,c5
117,0.01437274,0.25553583,0.25312977,c1
118,0.03862141,0.77117651,-0.94751500,c3
119,0.38297268,0.07081642,0.17754305,c1
120,0.77070317,-0.83772382,0.22289172,c1
121,0.16908516,0.94016379,0.60432395,c6
122,-0.64750306,-0.55619073,-0.90051276,c5
123,0.64717382,-0.52347269,-0.91420133,c1
124,0.51384968,0.11745808,0.38187558,c3
125,-0.87546076,0.15723622,0.09873188,c4
126,-0.41028911,-0.01126211,0.40698990,c1
127,-0.00789984,0.98415593,0.62635799,c0
128,-0.11658616,-0.11034675,-0.45637633,c5
129,-0.59982530,0.26884420,0.36541240,c5
130,-0.34504315,-0.47364579,-0.78803801,c1
131,-0.44073831,0.54270743,0.55816269,c4
132,0.73428454,-0.54820741,-0.47188721,c4
133,0.66582185,-0.40784309,-0.55056004,c1
134,0.75956906,0.16337820,-0.42636188,c5
135,0.45305907,0.61876505,0.36867002,c6
136,-0.95950866,0.32563513,0.29008538,c6
137,-0.63329836,-0.47557834,0.43690467,c0
138,0.04652237,0.11785796,-0.00148145,c5
139,-0.63421646,-0.67850983,-0.10114710,c5
140,0.52020440,-0.29323196,0.54404948,c5
141,0.34842564,-0.33203610,0.07991222,c4
142,0.21543225,0.84416971,0.06536913,c0
143,0.20261700,-0.47237771,-0.03180016,c4
144,0.26073451,-0.41039341,0.38927879,c6
145,0.48199605,0.95518719,-0.57841604,c5
146,-0.85244518,0.15801780,-0.94977864,c4
147,-0.29336806,0.00647904,0.99971500,c0
148,0.34353309,-0.10760580,-0.06518740,c4
149,0.28880570,0.77357321,0.42105686,c3
150,-0.46921321,-0.63856531,0.55137236,c1
151,-0.91620848,0.54495617,-0.35508185,c3
152,-0.53080782,-0.41779760,-0.07554415,c1
153,-0.43436198,0.09068179,0.57848349,c5
154,0.48466553,0.36778098,-0.88561512,c3
155,-0.37205052,-0.92747244,-0.59115531,c2
156,0.58244444,-0.20006916,0.36177910,c6
157,-0.99033291,0.57915086,-0.43996793,c6
158,-0.81463099,0.82674540,0.85708728,c2
159,0.34585021,0.78624521,-0.72495434,c2
160,0.49716316,0.98530732,-0.86488147,c2
161,-0.15654240,-0.25830351,-0.17711355,c5
162,0.49071584,-0.75065522,0.09457356,c5
163,-0.41787128,-0.72426076,0.33058769,c3
164,-0.47863773,0.00188773,0.64257594,c4
165,-0.56003511,0.03611287,-0.75975392,c0
166,0.56516523,0.13292410,-0.03579666,c3
167,0.64431064,-0.35178209,0.39105306,c3
168,-0.91780370,-0.73794389,0.41701877,c5
169,0.94753490,0.00027230,-0.27367396,c1
170,0.50481706,-0.91384354,-0.94939814,c1
171,-0.57218775,-0.34653240,0.62553968,c6
172,-0.64903959,-0.14797538,-0.24891992,c0
173,0.91490419,-0.62287476,-0.13864293,c2
174,-0.03758821,-0.04595693,0.01065999,c4
175,0.04094041,0.80885280,0.18166106,c2
176,0.86809041,0.65683354,0.32215853,c1
177,0.91619998,0.23970024,-0.48341452,c6
178,0.77233053,-0.05708672,0.19853423,c2
179,0.42989264,-0.47568385,0.81054637,c0
180,0.16816270,-0.51464872,0.81741845,c3
181,-0.82405993,0.11610400,0.47927325,c6
182,0.57559500,0.74542456,0.29064669,c0
183,0.00375708,0.22737839,-0.50815963,c3
184,-0.59510568,0.19527438,-0.44121024,c0
185,0.19403292,-0.88547868,-0.92230204,c2
186,0.44486757,-0.33443749,0.91068511,c5
187,-0.74048752,0.48813841,-0.94129653,c6
188,-0.02385705,-0.18187251,-0.87203198,c1
189,0.37077759,-0.95178484,0.80615282,c3
190,0.50945121,0.74364085,-0.74539712,c4
191,-0.59297177,0.14427320,0.82281169,c0
192,0.14890687,-0.31573661,0.99141441,c5
193,-0.36813620,0.56052656,0.94994668,c5
194,-0.41971048,-0.11869858,-0.28438103,c0
195,-0.00593565,0.42603790,-0.80064332,c2
196,0.68432500,0.54786300,0.12535574,c4
197,-0.94662815,0.24987473,-0.78959600,c4
198,0.77496673,-0.03348581,0.50921802,c5
199,0.53127145,-0.91873426,0.33204571,c6
200,0.46267688,-0.28806466,-0.35921556,c0
201,0.48677270,-0.20524302,0.32986486,c6
202,-0.85729230,-0.00142273,0.29815026,c0
203,0.11719081,-0.49963188,0.71810170,c5
204,0.10838268,0.15331757,-0.59154143,c6
205,0.18392791,-0.92125126,0.71668497,c5
206,-0.71062210,0.21311686,0.81743157,c2
207,-0.93674570,-0.15866547,-0.16673685,c6
208,-0.38499682,-0.35232501,0.68390180,c3
209,0.42208969,-0.68449642,-0.92976432,c5
210,-0.99751657,-0.79291268,-0.50065657,c0
211,0.51878445,0.15473260,0.75678423,c6
212,-0.02976019,-0.10549901,0.73240345,c4
213,-0.87109914,0.17375319,-0.99409605,c6
214,0.87617103,-0.93622888,0.09843297,c5
215,0.09599437,-0.49129192,0.79643471,c3
216,0.78093460,-0.35788289,-0.54598155,c5
217,-0.49260514,0.90230739,-0.31990764,c4
218,-0.06377194,0.47777885,-0.68348707,c0
219,-0.50501216,-0.88601514,0.11349998,c3
220,-0.10192978,-0.18732699,0.00856734,c0
221,-0.33900423,-0.54494589,0.41521913,c0
222,-0.73491752,-0.11995076,-0.57233831,c0
223,0.12875924,-0.55113508,0.34778108,c6
224,-0.95823003,0.62714646,-0.55936368,c2
225,0.21851828,-0.38404058,-0.67528190,c6
226,-0.37319710,0.56284912,0.90322322,c3
227,0.74819358,-0.61577160,-0.75740534,c4
228,-0.57370225,0.73034339,-0.69542280,c2
229,-0.04083228,0.12406751,-0.06196127,c4
230,-0.90790145,-0.19522653,-0.96319284,c3
231,-0.93293352,-0.69146646,-0.73022702,c1
232,-0.61494189,0.31589782,0.28950739,c6
233,-0.56245997,-0.20149931,-0.17435390,c3
234,0.66331928,-0.00425461,0.56928875,c2
235,-0.61295578,0.25281674,0.25466396,c6
236,-0.00440379,0.25127191,0.84430997,c1
237,0.60862179,0.66345940,-0.77597907,c3
238,-0.10054443,-0.23798390,0.31380886,c0
239,0.22268367,-0.98430752,0.00113111,c0
240,0.70459785,-0.79724406,-0.19736640,c0
241,0.45279020,-0.92677780,-0.33934044,c2
242,0.54113853,-0.90883507,-0.21922603,c0
243,-0.07356764,-0.71164660,0.91655359,c6
244,0.95288944,0.76046832,-0.99210740,c6
245,0.60081306,0.83714580,0.57907395,c1
246,0.13563989,0.45709937,-0.19714378,c2
247,0.31362840,0.77957025,0.63682617,c1
248,-0.19956198,0.56335559,-0.06173309,c4
249,0.95884884,0.34466499,-0.03620831,c6
250,-0.33812801,-0.05494499,-0.84000666,c4
251,0.28750056,0.34069190,0.65135925,c4
252,-0.44864874,-0.57580760,0.33170206,c6
253,-0.66655339,-0.30970728,0.96535600,c2
254,-0.84461218,0.37659556,-0.79561129,c2
255,-0.53583177,-0.90935465,0.92807885,c6
256,-0.62112255,0.45458154,0.81090926,c0
257,-0.94345394,-0.20137994,0.52532570,c4
258,-0.66661903,0.43461289,0.48551131,c4
259,-0.20235859,-0.45906426,0.53842664,c0
260,0.95040550,0.18995391,-0.49163470,c4
261,0.61047751,-0.45068381,0.00127526,c0
262,-0.78031431,-0.21167306,-0.62490423,c2
263,-0.79517926,0.72064632,0.28235988,c1
264,0.05246496,-0.28543145,0.69131261,c2
265,-0.74703809,0.90212843,-0.20820523,c2
266,-0.23022319,0.21828583,0.69214233,c5
267,-0.80950251,-0.69856155,-0.68664853,c6
268,0.21572600,-0.21348738,-0.61324074,c3
269,0.64211084,0.02188221,-0.03851005,c1
270,-0.50423017,0.74136577,0.32791686,c4
271,0.47235352,0.72255165,-0.23661006,c0
272,0.33999939,-0.03729861,0.00647892,c6
273,0.46142649,0.40348111,0.86598213,c1
274,0.09142083,0.73577111,-0.12904915,c6
275,0.60596137,0.31580355,-0.63202056,c5
276,0.31923657,-0.27612172,0.97201090,c6
277,0.04480169,-0.00309319,-0.22309173,c5
278,0.05712656,-0.93396569,-0.76795857,c4
279,-0.39021585,0.43058988,0.09113974,c6
280,0.66652957,-0.40038517,-0.66033986,c4
281,0.00151987,0.33221912,-0.49307904,c3
282,0.32492437,-0.79198402,-0.73074866,c0
283,-0.40982437,-0.44111547,0.75040625,c5
284,0.13911105,0.29331068,-0.57450282,c4
285,-0.15874488,-0.35544401,-0.96531158,c0
286,-0.11650777,0.37390483,0.41290894,c2
287,0.36638019,-0.53976049,-0.35817001,c1
288,-0.63664569,-0.19280638,-0.56964178,c1
289,-0.40092788,-0.00086652,0.12989448,c0
290,-0.59685125,0.63721772,-0.70939177,c3
291,-0.90446715,0.28678493,-0.83502239,c6
292,0.45977327,0.56731956,0.06484505,c5
293,-0.53957379,0.41624578,-0.02176140,c3
294,0.86085315,0.05779960,-0.64779116,c3
295,-0.10234077,-0.29177094,0.44793139,c1
296,0.66802245,0.54857254,-0.82567489,c3
297,-0.61383667,-0.00373480,-0.19356412,c4
298,-0.83479471,-0.19317642,-0.50516401,c4
299,-0.51932439,0.03685826,-0.02771078,c0
300,-0.02810296,0.39966470,0.36393146,c1
301,0.73752006,-0.95535781,-0.49278298,c6
302,-0.21855435,-0.70820912,0.68788057,c6
303,0.76538885,-0.64746295,0.19816463,c5
304,0.72433283,0.56813635,-0.37643723,c1
305,-0.09887642,0.19690530,0.26432837,c2
306,0.35645533,-0.71846916,0.59799907,c6
307,0.51049648,0.62770804,0.18918678,c5
308,-0.72759379,0.42535587,-0.04711664,c2
309,-0.08600828,-0.45633877,-0.82246811,c2
310,0.34375606,-0.96879906,0.21411361,c3
311,0.93758663,0.85239198,0.23750044,c3
312,-0.41766575,-0.60848019,-0.01367685,c0
313,0.08853293,-0.24440521,-0.11239484,c5
314,0.62851020,-0.59271324,0.47241192,c3
315,-0.64386195,0.15918777,0.48876600,c2
316,0.86447460,0.06065283,0.61807770,c4
317,-0.36245371,-0.79153108,-0.79865861,c0
318,-0.84747929,0.01260204,0.88134739,c0
319,-0.21147987,0.94827239,-0.43284050,c5
320,-0.80167444,-0.67439230,-0.37289180,c6
321,-0.70077852,-0.89187531,-0.28345056,c3
322,0.53923122,0.31128861,0.14663900,c6
323,0.59499289,-0.98759903,-0.79962742,c5
324,-0.84247396,-0.49693466,0.30214145,c5
325,0.96213883,0.61548128,0.44705375,c5
326,-0.28127407,0.75381645,0.79627137,c3
327,0.09870695,0.66190677,0.84461252,c0
328,-0.56514442,-0.54146523,0.06666988,c4
329,-0.70973070,-0.02846399,-0.55230558,c3
330,-0.44727028,-0.09801635,-0.19450525,c2
331,0.21070358,-0.15029883,0.30960222,c0
332,0.46723435,-0.26864683,-0.89604845,c1
333,-0.65202556,-0.37763568,0.43932715,c1
334,0.45960805,-0.44608357,-0.77817500,c6
335,0.05491466,-0.70372634,0.38358020,c1
336,0.06072314,-0.34031420,0.98201014,c6
337,0.22500646,-0.65588023,-0.56617670,c0
338,0.03936702,-0.13093086,0.79004363,c2
339,-0.40683730,-0.38530813,-0.54169938,c4
340,-0.98447663,0.50552608,-0.72136504,c4
341,0.66150818,-0.63196594,-0.64093019,c4
342,0.69865338,0.49322426,0.57719774,c5
343,-0.74983917,0.43560156,0.15403325,c5
344,0.75097707,0.57969555,0.20638094,c5
345,0.67301304,-0.49458301,0.68396929,c5
346,-0.72424553,-0.31650764,-0.40239991,c2
347,-0.46148717,-0.46777341,-0.05543651,c0
348,0.93056692,0.36684385,-0.76243137,c4
349,-0.82455487,0.27265651,0.04343993,c1
350,0.66559827,-0.56668781,0.43782905,c3
351,0.68371306,-0.05463101,-0.21780763,c4
352,-0.91308381,-0.34955122,-0.27071579,c0
353,-0.38988087,0.01621868,0.86341558,c1
354,-0.55524662,0.59745057,-0.11827140,c6
355,0.24914654,-0.89159114,0.72273654,c1
356,0.24678882,0.63781624,-0.45162049,c6
357,-0.43125963,0.03764769,-0.01415430,c4
358,-0.50357096,0.01700249,-0.46459164,c3
359,0.76108890,-0.02769554,0.55052827,c5
360,0.55608934,-0.91491974,-0.30352807,c4
361,0.41840480,-0.28143415,0.29369539,c2
362,-0.36452491,-0.35560897,0.45224359,c0
363,-0.66629359,0.13059217,0.40341546,c2
364,0.90486292,-0.57779699,0.93494455,c0
365,0.92659898,-0.35432639,-0.66405466,c6
366,-0.76661799,-0.33163258,-0.24212486,c2
367,-0.70594405,0.94438649,-0.60223836,c2
368,0.55229534,-0.12202524,0.40994604,c3
369,0.88620013,0.73574953,-0.04740809,c5
370,-0.15671908,-0.36098899,-0.72479048,c5
371,-0.19291498,0.66738005,-0.74655405,c5
372,0.75171303,-0.39498607,0.27739071,c4
373,0.74047604,-0.63934971,0.89964705,c1
374,0.82494352,-0.40727074,0.14941884,c3
375,-0.49936823,-0.42915640,0.91886318,c0
376,0.37558302,-0.19523296,0.32795850,c2
377,-0.79191481,0.47231072,-0.52586165,c5
378,0.96978219,-0.82274222,-0.52705915,c1
379,0.09042495,-0.93137398,-0.80407627,c1
380,-0.45948701,0.85250876,0.61209495,c2
381,0.90807663,0.72774375,0.13910902,c6
382,0.12584990,0.77666027,0.91047892,c1
383,0.00508395,0.84215430,-0.63494638,c4
384,-0.76774879,-0.57765813,0.06501125,c1
385,-0.01510993,-0.38595955,-0.85138210,c2
386,0.82284025,0.63632859,-0.67599797,c6
387,0.01111878,-0.03456642,-0.18980551,c5
388,0.93068662,-0.38780273,-0.86831579,c0
389,-0.26664418,0.57337000,-0.82726054,c5
390,-0.10291253,-0.01201729,-0.60225518,c2
391,0.83793007,0.03004711,0.64380363,c2
392,0.23484874,0.06883400,0.39185626,c0
393,0.22369484,0.12797972,-0.07743621,c3
394,0.11656641,0.17467073,0.26320752,c3
395,0.80280909,0.27015627,0.33185394,c2
396,0.48790775,-0.88716077,-0.81496455,c2
397,-0.07348130,-0.99480494,0.77519659,c5
398,-0.19410745,-0.22423115,0.12415600,c0
399,-0.56406229,0.68750055,0.31883394,c1
400,0.40217443,-0.13637178,0.23549546,c5
401,-0.66217041,-0.73758043,-0.60124080,c3
402,0.47132200,-0.26801856,0.88162175,c3
403,-0.89461155,-0.82360242,-0.34725222,c5
404,-0.31589980,-0.63555561,0.27727562,c5
405,0.60402033,-0.58786506,0.37738859,c0
406,0.42575149,0.47034096,0.75890191,c2
407,0.64212444,0.64874312,-0.38988476,c1
408,0.65927711,-0.29264072,0.67918083,c3
409,-0.85312562,-0.45309901,-0.16376266,c1
410,0.41371836,-0.97079200,0.92655920,c1
411,0.96499944,0.15901104,0.32097171,c3
412,-0.10256218,-0.84172746,0.06978167,c2
413,-0.71143420,0.46435565,0.06647367,c1
414,-0.76359940,0.18327130,0.12742200,c2
415,0.70575783,0.02925334,-0.60613177,c6
416,-0.16254438,-0.71808805,0.96241431,c0
417,-0.12334070,0.79221500,0.15028141,c2
418,-0.62338319,-0.43145232,-0.69841569,c3
419,-0.16596536,0.97410016,0.54087144,c5
420,0.41234442,0.06683343,0.38018056,c5
421,-0.09088981,0.11327322,0.58586003,c0
422,0.62382622,0.80738213,0.21140574,c5
423,-0.71764452,-0.77424026,0.20256362,c5
424,0.67425877,-0.94957900,0.48094785,c4
425,0.15926443,0.09040263,-0.08757538,c0
426,-0.30087132,0.63344774,0.06651153,c5
427,0.57113662,-0.34098154,0.17304267,c4
428,0.41949383,0.44388682,-0.81765076,c4
429,0.80085857,-0.40844634,-0.66479411,c3
430,-0.11973533,0.01674572,0.14879256,c1
431,-0.56631505,0.91624082,0.22492211,c6
432,-0.18651460,0.25727118,0.78678341,c0
433,-0.96698016,-0.18524511,-0.64954983,c5
434,0.62661529,-0.71139456,0.43740532,c5
435,-0.55880202,0.53236945,0.73433110,c6
436,-0.98419011,-0.57555751,0.60641467,c6
437,0.70526603,-0.58688701,0.37041943,c6
438,-0.79579772,-0.73331565,0.23377193,c2
439,-0.37223617,0.05992510,-0.69408559,c2
440,-0.19481566,0.92809727,-0.41182706,c3
441,-0.05749439,-0.38018721,-0.65160874,c1
442,0.31068798,0.37996805,0.78658014,c6
443,0.11536127,0.19400665,-0.60216756,c1
444,-0.79553359,0.92476020,0.93875379,c2
445,0.77003764,-0.62688279,0.40365887,c6
446,-0.29962462,-0.20622974,-0.08321670,c4
447,-0.26114031,-0.10270890,0.94676121,c4
448,-0.89434560,-0.13021596,0.74961840,c0
449,0.73855182,0.44136734,-0.55346890,c2
450,-0.19079193,0.53473283,0.64260042,c6
451,-0.32898091,-0.47496642,0.99289238,c5
452,-0.10511277,-0.35765029,0.62199357,c4
453,0.54912848,0.54798236,0.80333241,c1
454,-0.62022971,0.61582574,-0.19548388,c5
455,-0.95250989,-0.04993266,0.30493323,c1
456,0.07744444,0.67046624,0.29187173,c4
457,-0.32176145,0.49645957,-0.15859712,c2
458,-0.91371311,0.16134706,0.69028064,c2
459,0.59181401,-0.31219625,0.00510664,c5
460,-0.09725382,-0.94402921,0.25501094,c5
461,0.00274362,-0.70462557,-0.40590176,c6
462,-0.84037665,0.53192303,-0.34009016,c3
463,0.24042267,0.02123232,0.19415116,c3
464,0.98935326,-0.30047135,0.39193489,c3
465,-0.57510412,-0.71661951,-0.61421018,c4
466,-0.98771423,-0.55049200,0.77068523,c1
467,0.76763861,0.12592067,0.57632092,c0
468,-0.05003292,-0.57436679,0.59293287,c3
469,-0.50266185,-0.74579055,-0.54313542,c3
470,0.86342089,0.12238442,0.40215392,c2
471,-0.58932505,0.19501456,-0.91561430,c2
472,0.01642969,0.10760602,-0.61694017,c3
473,-0.95189612,-0.41832888,-0.41127488,c0
474,-0.63618396,0.37016290,-0.11887134,c4
475,-0.50536454,0.56423787,0.50463091,c0
476,0.66472376,-0.20740327,0.54713632,c5
477,-0.19438286,-0.65534657,-0.27121037,c3
478,-0.77910078,-0.25121783,0.10668781,c0
479,0.05751453,0.83689258,-0.89814243,c3
480,-0.76002742,-0.17341687,-0.24525149,c0
481,0.02369263,-0.54787754,0.61549197,c4
482,0.82373903,0.67550905,0.17517537,c4
483,-0.52480285,-0.99114115,-0.75561768,c3
484,0.58144005,-0.02062888,-0.81475178,c2
485,0.10653568,-0.23187760,0.40328159,c6
486,-0.13195531,-0.44606147,0.00520097,c2
487,-0.91354103,0.59359490,0.02903745,c3
488,0.64753074,-0.43040526,0.15275288,c1
489,0.23374222,0.23677555,-0.71237642,c3
490,0.98116605,-0.10100630,0.96263983,c5
491,0.81796625,-0.25286287,-0.09382914,c1
492,0.14078979,0.58971614,-0.26885446,c1
493,-0.01470117,0.00728235,0.12999866,c5
494,-0.65290639,-0.53807422,0.48563283,c5
495,0.80927587,0.39310003,-0.69535393,c5
496,0.13290300,0.83102561,-0.62092511,c0
497,-0.03341729,0.55892138,-0.91709684,c2
498,0.33145845,-0.64468588,0.70958648,c6
499,-0.96216466,-0.65232377,-0.74315777,c2
500,-0.31030322,-0.99135844,-0.43504477,c2
501,-0.56663832,0.82604932,0.21484904,c3
502,-0.89346768,-0.82193381,-0.90782713,c1
503,0.94398280,-0.55536351,0.02365411,c1
504,-0.50386181,-0.11348948,0.39196649,c5
505,-0.08320581,0.32310098,0.13536390,c0
506,0.27622755,0.14041758,-0.96167023,c4
507,-0.94405300,0.66032967,-0.28050788,c3
508,-0.51866513,-0.59759286,0.22305424,c2
509,0.84842931,0.26958931,0.61999095,c6
510,-0.49890286,0.18893201,0.52526054,c2
511,0.61484734,-0.76131721,0.93728229,c4
512,0.44353514,-0.20706578,0.30592965,c3
513,-0.81479326,0.71510537,-0.76471098,c3
514,-0.87666532,-0.86849867,0.72743416,c6
515,-0.80030619,0.81620096,-0.62653375,c1
516,-0.32487211,0.71852266,-0.60193047,c4
517,-0.96554321,-0.33568166,-0.03616742,c6
518,-0.20822560,-0.23765448,0.64158527,c0
519,0.35238706,-0.45303256,0.45300130,c5
520,0.58764267,0.38843149,0.39171630,c3
521,-0.72109958,0.20197555,-0.17078829,c0
522,0.08689116,0.98701266,-0.28828589,c1
523,-0.79728165,-0.77235639,-0.04563968,c3
524,0.33674965,0.68574787,0.93887804,c5
525,-0.79835079,-0.38209757,-0.47896787,c5
526,0.14580044,0.94737897,0.45408654,c6
527,0.09336955,0.42246897,0.63453185,c5
528,-0.55274038,0.29238708,0.07632841,c0
529,0.11120533,0.53200255,0.01991517,c2
530,-0.71274167,0.14664881,-0.91776594,c3
531,0.20491318,-0.41173886,0.85402003,c4
532,-0.56187601,-0.18590746,0.85060673,c5
533,0.96646163,0.01925760,-0.77750219,c5
534,-0.36333843,0.57435464,0.13195379,c6
535,-0.81918762,0.19941589,-0.79815536,c6
536,0.44743481,0.90543577,0.94301793,c1
537,0.00170154,0.73472738,0.56643262,c2
538,-0.24895249,0.83135706,-0.91369153,c3
539,0.75242090,-0.12709293,-0.87945892,c0
540,0.85742474,-0.60518357,-0.70536744,c6
541,0.35159914,0.03854985,-0.34461218,c6
542,0.24409413,-0.74515521,-0.99937353,c4
543,0.36398313,-0.50671329,-0.46883962,c0
544,0.91946708,0.40946231,0.73128681,c2
545,-0.32378087,-0.87905894,0.88404725,c0
546,-0.58887997,-0.95666532,-0.87249821,c1
547,0.79763408,0.33768492,-0.54173082,c3
548,0.37907573,-0.49957068,0.58858248,c6
549,-0.21398318,0.12719520,0.06311037,c0
550,0.85408444,-0.61832831,-0.45820596,c0
551,-0.20160062,-0.79919005,0.65494976,c6
552,0.10090524,-0.23239851,-0.66311300,c4
553,0.26683817,-0.71731541,-0.95570773,c0
554,-0.89341278,0.56602892,-0.23437152,c0
555,-0.30080471,-0.48005181,0.22780003,c1
556,-0.30624922,0.98469097,-0.79366656,c5
557,0.10491975,0.01785967,0.34532366,c4
558,-0.74113116,-0.87109240,-0.60660404,c6
559,-0.95417129,0.49996413,-0.73806650,c4
560,-0.86445187,0.72423805,0.81182046,c3
561,-0.68811125,0.09324901,-0.22504913,c5
562,0.58281041,0.96413706,0.71675298,c2
563,0.22199713,0.23830040,-0.55402067,c0
564,0.39837372,-0.51738886,-0.22198761,c5
565,0.54976300,0.72445928,-0.94206412,c0
566,0.15693365,0.45187479,-0.65037833,c1
567,-0.92571131,0.84997776,-0.30291771,c4
568,-0.92655542,-0.19499323,-0.63566086,c0
569,0.75595094,-0.29282469,0.46005627,c2
570,0.49140092,-0.41639364,0.85318976,c4
571,0.53718215,-0.40740493,0.78590278,c1
572,-0.00388162,-0.58955040,-0.91000371,c5
573,0.76825165,0.54216004,-0.58689475,c1
574,-0.84698481,-0.91285448,-0.63908938,c4
575,0.25804690,-0.00867065,-0.03838316,c6
576,0.87089340,0.31679241,-0.64105500,c4
577,0.94985482,-0.43974547,-0.86010833,c5
578,0.39022008,-0.44836591,0.20350326,c6
579,0.22214295,0.96393572,-0.42308390,c6
580,-0.10359142,-0.03428389,0.08491209,c6
581,0.81434077,-0.95262204,-0.72076003,c1
582,0.75809981,0.55254205,0.53395228,c1
583,0.37762093,-0.05425257,-0.28699216,c6
584,-0.60955655,0.34772974,-0.68361002,c5
585,0.65068046,0.36952767,0.51099026,c5
586,0.74337923,-0.22333249,-0.04749207,c6
587,0.26052210,0.01467586,0.80461498,c4
588,-0.58508184,-0.87282955,-0.13836326,c1
589,-0.85176454,-0.90222093,-0.81900176,c1
590,0.38942381,0.14713667,-0.86831391,c4
591,0.61977834,-0.98378949,0.26497602,c2
592,-0.59910647,0.76720352,-0.08632396,c3
593,-0.97824204,0.13328574,-0.07386475,c6
594,0.92123968,0.94840388,0.44126824,c5
595,-0.95778783,0.68841900,-0.88915488,c3
596,-0.22642905,-0.34517763,-0.32470280,c5
597,0.63639078,0.83227938,0.29928826,c0
598,0.37047355,0.95125162,0.57330151,c0
599,-0.42246328,-0.21305290,0.58749206,c2
600,-0.42270753,-0.77415148,-0.01594487,c2
601,-0.36733263,0.13106978,-0.60564015,c1
602,-0.79958723,-0.46220952,-0.83290137,c1
603,0.36335575,-0.78998133,0.79370223,c2
604,0.10054077,-0.91006836,0.93727041,c5
605,0.55151181,-0.32895511,0.47126824,c4
606,-0.06901467,-0.17354082,-0.56576202,c1
607,-0.74983635,-0.87656428,-0.69322333,c6
608,0.50093912,0.15554951,0.51702921,c5
609,0.45923879,0.92367078,-0.41905274,c5
610,0.76375983,-0.20297544,0.78356356,c2
611,-0.57365458,0.08557837,-0.19246799,c5
612,-0.56974856,-0.24499197,-0.78481666,c1
613,0.57255364,0.31549164,0.19034638,c6
614,-0.79305451,-0.58441839,-0.55381502,c1
615,-0.95682330,0.17240488,0.70530055,c6
616,0.65938228,0.76944124,0.65835023,c6
617,-0.11644771,0.35312977,-0.19256932,c3
618,-0.29960782,-0.24044660,-0.89952252,c6
619,0.83982375,0.10245162,-0.23706983,c2
620,0.70337681,0.75381130,0.23291294,c3
621,0.78472133,0.74828563,0.60618088,c2
622,-0.75940964,0.14269117,-0.50291807,c6
623,-0.23165654,0.36183311,0.72178441,c5
624,0.44642080,-0.93809150,-0.28997986,c2
625,0.69393795,-0.45726223,0.05159331,c6
626,-0.99432885,-0.75992574,-0.91609516,c0
627,0.61868332,0.32924195,-0.07325760,c1
628,0.76684069,-0.02864877,-0.12941385,c3
629,-0.32053002,0.23334288,-0.47532005,c4
630,-0.01959373,0.21311014,-0.36888169,c2
631,-0.35631851,-0.59905109,0.95119894,c6
632,0.16210350,-0.19141397,-0.86970910,c3
633,0.08497585,0.89703578,0.94746837,c0
634,0.58120807,-0.16546559,0.85616009,c4
635,0.18406671,0.11580286,-0.77793558,c0
636,0.37381692,0.07388756,0.16457994,c3
637,0.15450464,-0.68417060,-0.59199822,c5
638,0.28112954,-0.38658922,-0.95126644,c2
639,0.29345838,-0.71976920,0.64476486,c2
640,0.01272921,0.56635861,0.53366445,c4
641,-0.34250394,0.10181482,-0.21466096,c3
642,-0.76513573,0.92013110,-0.30419230,c6
643,0.36336650,-0.90676214,0.22824192,c6
644,0.18372931,0.50893008,-0.69247875,c4
645,-0.48621958,-0.17783878,-0.62544541,c6
646,-0.09625350,0.11141535,0.10661714,c1
647,0.74819171,0.27140730,0.70995287,c6
648,0.11084676,-0.32663900,-0.30910724,c2
649,-0.58142134,0.12411591,0.51173854,c3
650,0.68075108,-0.34468839,0.03766211,c3
651,-0.60977474,-0.82609951,-0.81912939,c0
652,0.76225171,-0.49476146,-0.35171296,c1
653,-0.53249763,0.86000434,-0.80100342,c4
654,-0.48450652,-0.74380388,0.31770849,c4
655,-0.55535095,0.92745693,-0.28951634,c1
656,0.47525497,0.24897797,0.52897777,c0
657,-0.21844626,-0.78776993,-0.27054994,c1
658,-0.46077019,0.97977321,-0.52721223,c5
659,0.90453558,0.55139424,-0.02820382,c5
660,0.58130794,0.07282271,-0.30799574,c3
661,0.13212559,0.81827479,-0.68776406,c3
662,0.68985681,0.37807535,0.35119708,c6
663,0.22584798,0.08260819,-0.13367205,c3
664,-0.96899733,0.19384429,-0.86882856,c2
665,-0.43399863,0.89569831,0.69750681,c3
666,-0.66308818,-0.38553685,0.74849915,c3
667,-0.04755998,-0.29942736,0.14911436,c0
668,0.01907183,0.00294236,0.10004986,c3
669,0.03035514,-0.63286143,0.80143088,c4
670,-0.09342718,0.58862532,0.03252235,c6
671,0.34105609,0.85233961,-0.94629357,c0
672,-0.39061130,0.18984471,-0.26302428,c3
673,-0.00224838,-0.01468836,-0.66880800,c6
674,0.50665841,0.06157871,-0.23163932,c0
675,0.98633118,-0.62246080,0.91717082,c4
676,-0.64003280,-0.13189275,-0.30994920,c4
677,0.09114611,-0.54198829,-0.59001039,c1
678,0.55162783,0.78066828,0.34337376,c5
679,0.44579094,0.63337969,0.80508981,c5
680,-0.05203813,-0.29988599,0.74214256,c1
681,0.70888458,0.57311109,0.20203882,c0
682,0.38758092,0.60456714,-0.40781317,c0
683,-0.13514838,0.61964745,-0.86343871,c0
684,0.79466788,-0.97792285,-0.56411596,c1
685,-0.35029642,-0.67643979,-0.46242967,c6
686,0.91725817,-0.37172349,-0.57830924,c4
687,0.60182012,-0.89629303,0.30919879,c2
688,-0.30947898,0.96903695,0.69867392,c5
689,-0.26226968,0.03238766,0.53783048,c6
690,-0.77495932,-0.69187428,0.43604205,c1
691,-0.14710607,0.74550088,-0.67586854,c4
692,0.42009770,-0.40013818,0.46767651,c2
693,0.44748262,0.47770011,0.24008124,c2
694,0.20195017,-0.41322774,0.56166281,c4
695,0.27716120,0.22254994,0.41100407,c0
696,0.38711497,-0.97775171,0.31482175,c0
697,-0.47113108,-0.98231763,0.22260019,c3
698,0.17064901,0.01820171,-0.32775922,c0
699,-0.37839931,-0.64504698,-0.34702297,c3
700,0.23943050,0.51772103,0.07180519,c3
701,0.63218831,-0.28440260,-0.77031946,c5
702,0.51044017,0.89272780,0.21372935,c4
703,0.34608177,0.23038713,-0.38827363,c1
704,-0.50595744,-0.33336719,0.45508801,c2
705,0.93313047,-0.53521375,-0.20336886,c3
706,-0.71773275,0.36199237,-0.17065250,c0
707,-0.75163554,0.32910739,-0.04755628,c2
708,0.16209009,-0.52683545,-0.30910299,c6
709,0.75777573,-0.88633189,0.87477644,c2
710,0.85371448,-0.43603460,-0.01542016,c0
711,-0.91090060,-0.35105295,0.06883637,c4
712,0.37385261,-0.50967473,0.14022464,c3
713,-0.79240497,0.59074029,0.45645654,c2
714,-0.47599329,-0.25205502,0.59217664,c1
715,0.21682784,-0.16968250,-0.29187278,c6
716,0.00375030,0.94495213,0.92382894,c6
717,-0.21555005,0.02957824,0.20002714,c5
718,-0.85099057,-0.60044267,0.63715374,c6
719,0.19298167,-0.71879177,-0.40394522,c1
720,0.29534395,-0.13728957,0.54723360,c5
721,0.01559269,0.89383553,0.05485959,c2
722,0.76622874,-0.63424320,0.80179266,c4
723,-0.58311661,0.30218686,0.06187323,c3
724,-0.51366503,0.19309356,-0.47427208,c6
725,-0.92133394,-0.89775617,0.88634085,c6
726,0.21981136,-0.02017415,0.09064050,c2
727,0.75074615,0.21139916,-0.33664768,c3
728,0.43356541,0.93442306,-0.99063316,c6
729,-0.57329648,0.15361297,-0.89912650,c3
730,-0.21445535,0.18637508,0.45551001,c4
731,-0.85532630,0.46956900,-0.18822254,c1
732,0.23801793,-0.74115142,-0.59202909,c0
733,0.41312914,0.25183088,-0.72912424,c6
734,-0.20414341,0.66634322,-0.57952044,c4
735,-0.73833957,-0.19500162,-0.60305033,c3
736,-0.13018419,-0.36265208,-0.98387368,c3
737,-0.08324239,-0.56913637,0.75978146,c2
738,0.26481578,0.96199711,0.70689315,c2
739,-0.89740865,-0.66143258,-0.58781439,c6
740,-0.20677701,0.96472697,0.63818487,c0
741,-0.03320574,0.67975541,0.34704008,c1
742,0.51313145,0.60193171,0.85836039,c6
743,-0.36875791,-0.29126561,-0.42068245,c3
744,-0.40835601,-0.31538022,0.21326399,c2
745,0.36783503,-0.93237147,0.85311669,c5
746,0.79315345,0.22607014,-0.13424347,c6
747,0.39927891,0.19653565,0.97369339,c1
748,-0.40737601,0.91448850,-0.55975326,c0
749,0.32486649,0.86868343,-0.23550799,c1
750,-0.08612773,0.71066359,-0.20777756,c1
751,-0.82874131,-0.14941429,0.64917665,c0
752,0.49284877,-0.42937659,0.40278180,c6
753,0.06826585,0.68719868,-0.14133762,c5
754,0.86591900,0.29329144,-0.60183539,c4
755,-0.45037104,0.61207719,0.26314649,c4
756,0.98314475,-0.50685708,0.19428348,c4
757,0.47880093,0.58253097,-0.17086024,c1
758,0.44656537,-0.30213887,0.76625515,c1
759,0.59972783,0.43978086,0.70149768,c6
760,-0.62652102,0.57099357,-0.45706829,c6
761,0.71263016,-0.80588490,0.91045174,c4
762,0.88472374,-0.74039173,-0.07356817,c4
763,0.47478408,0.43504557,0.70364062,c3
764,-0.78204089,-0.13304999,-0.56332796,c0
765,-0.17369736,0.86646402,-0.49685847,c0
766,-0.53405291,0.05009658,-0.51910201,c4
767,0.04091708,-0.03320165,-0.51249865,c2
768,0.93983345,0.74261503,-0.25178434,c0
769,0.40175804,0.77416880,-0.20123203,c6
770,0.15742901,-0.99778210,-0.77087736,c2
771,0.50213684,-0.20345570,-0.62547851,c3
772,-0.54350910,-0.01658047,-0.13996062,c5
773,0.17132670,0.04689862,0.40490552,c2
774,-0.76699625,0.03519221,0.79284040,c0
775,-0.97465599,-0.79663331,0.41465835,c2
776,-0.19553900,0.92362255,-0.71061438,c0
777,-0.35727044,0.89440080,0.97014427,c3
778,0.89814614,-0.82043239,0.24105152,c6
779,0.36532983,-0.89107311,-0.98861520,c2
780,0.76441393,0.57131124,0.31326244,c2
781,-0.27592180,-0.26849922,0.80908993,c6
782,0.91497168,-0.29777970,0.71502185,c4
783,0.48977620,-0.79753559,0.54668938,c5
784,0.48616047,0.73340089,0.59344353,c3
785,-0.65112520,0.30310212,-0.47263615,c2
786,0.22723645,-0.76864536,-0.94671711,c4
787,0.20425562,-0.93420313,0.00607625,c5
788,0.11365204,-0.85936509,-0.19853181,c1
789,-0.89898780,0.80918651,-0.35339702,c4
790,0.58533720,0.88150310,0.41663177,c5
791,0.77723124,-0.70167998,0.60356516,c2
792,-0.59001931,0.57258483,0.24364135,c2
793,0.83977384,-0.97018623,-0.77054009,c0
794,0.17131128,0.37852627,0.91313123,c4
795,-0.43494320,0.64200774,0.40669154,c5
796,0.38237906,-0.01734969,-0.51396643,c5
797,-0.67516620,-0.54987817,0.50460285,c5
798,-0.77616334,-0.81538712,0.22310963,c3
799,-0.36302330,-0.89358797,0.96150639,c3
800,0.90722047,-0.37694086,0.97948103,c0
801,-0.15874324,0.38532676,0.49171565,c1
802,-0.33676806,-0.37672023,0.22416097,c3
803,-0.59987407,-0.90633698,-0.08242363,c4
804,0.35501882,0.16986721,0.68458554,c4
805,-0.17550194,-0.89427725,-0.37350224,c5
806,0.71645637,0.00437190,-0.38385512,c3
807,0.22453015,0.52346897,-0.34701624,c0
808,-0.78457135,-0.15204144,-0.30328548,c4
809,0.48540364,0.96168211,0.38566428,c4
810,0.54210978,-0.25093761,0.54618659,c2
811,0.06810561,-0.04188376,-0.10067354,c6
812,0.72224514,-0.44395464,0.87100104,c1
813,0.43521007,0.50865529,-0.08805409,c4
814,-0.14456734,0.51485244,-0.76632303,c5
815,-0.89834081,-0.27253067,0.36671799,c2
816,0.47840406,-0.00833212,-0.55265622,c4
817,-0.68945545,0.63217084,0.63908900,c3
818,-0.44669389,-0.67942859,0.59527252,c5
819,-0.66611160,-0.94602911,-0.63121250,c1
820,0.08098184,0.77619453,-0.32459295,c1
821,-0.60157510,-0.32716454,0.91685550,c1
822,0.33925186,-0.32862324,0.86989535,c0
823,0.23638137,-0.82235835,0.44767977,c5
824,0.74619553,-0.42017815,-0.56037924,c0
825,-0.73874043,0.55133396,-0.36397699,c2
826,0.34843226,0.68375409,0.24373322,c5
827,0.36861688,0.48108050,0.99905519,c6
828,0.93440277,-0.75342550,0.88418050,c0
829,-0.63815237,-0.10657071,0.85338474,c5
830,0.77265030,0.21051712,-0.52476052,c1
831,-0.99703571,-0.38553556,0.89708980,c6
832,-0.02489813,0.91930525,-0.96195258,c4
833,-0.31162122,-0.84503751,0.41674952,c5
834,-0.51465043,-0.03419231,0.52013314,c0
835,-0.25031637,0.62054859,-0.88052475,c0
836,-0.30806825,-0.83530499,0.43994834,c1
837,-0.62056666,-0.25314722,0.58994182,c1
838,0.66661431,0.65009578,-0.84360118,c0
839,0.18192553,0.05966621,0.37241880,c6
840,0.02767193,-0.90174717,-0.23662430,c1
841,0.34898225,0.16009745,0.67780172,c4
842,0.42816936,-0.92482051,-0.39071325,c5
843,-0.53926876,0.13472867,-0.28435664,c2
844,0.66924260,-0.49068415,0.44158755,c3
845,0.91138710,-0.90922805,-0.34881505,c0
846,0.43838021,-0.71081497,-0.82368720,c5
847,-0.03996735,-0.18377452,-0.81261254,c5
848,0.67270453,-0.01395063,-0.70739244,c3
849,-0.59359992,0.56502984,0.77196283,c3
850,-0.45274704,-0.29843326,0.85225848,c3
851,0.89165227,-0.03277574,0.42940524,c4
852,0.08825915,0.04044678,-0.85577494,c2
853,-0.17583599,-0.93589718,0.21802234,c3
854,-0.58856567,0.20810711,-0.04582910,c6
855,-0.06969676,0.46837076,-0.68803351,c1
856,-0.41475150,0.23332962,-0.54100504,c3
857,-0.56978767,0.64930069,-0.29173395,c3
858,0.11921169,-0.68408328,0.74636280,c3
859,0.83858931,-0.65711114,0.55885659,c0
860,0.07715524,-0.70065245,0.95923782,c2
861,0.39046912,0.08701140,-0.87238782,c0
862,-0.18448699,-0.73156571,-0.93458745,c4
863,-0.90799513,-0.11841943,0.37237658,c5
864,0.34660266,-0.72802164,0.25203984,c0
865,-0.60375092,-0.02629899,-0.84800543,c4
866,0.32690689,-0.82957332,0.94516415,c2
867,-0.49606507,-0.23217399,-0.94165689,c0
868,0.67035469,0.60852795,0.45425280,c2
869,-0.71074247,-0.13908629,-0.12663732,c1
870,0.78660257,0.11298885,-0.75827278,c5
871,-0.14934487,0.20258343,-0.34891155,c5
872,0.44431585,-0.68486965,-0.18250584,c6
873,0.68659041,-0.61972818,-0.57531840,c5
874,-0.74055011,0.29854390,0.25847699,c3
875,0.49633172,-0.97061080,0.53846051,c1
876,-0.19146868,0.07174772,0.35314695,c4
877,-0.39426569,-0.63152423,0.60493204,c6
878,0.36693933,0.16584305,0.37105435,c2
879,0.01802159,-0.14064216,0.08682280,c0
880,-0.72781311,-0.64282964,0.45735987,c1
881,-0.91043360,0.99230413,-0.49588965,c2
882,0.91220201,-0.48503436,0.65236578,c2
883,0.83067225,-0.80381803,-0.73394552,c2
884,-0.66139103,0.57401665,-0.46395279,c1
885,0.83135453,0.87361359,0.12822847,c3
886,-0.49499037,0.63231915,-0.50241660,c1
887,0.81212183,-0.43886766,0.27455033,c4
888,0.13026461,-0.82626686,0.62988892,c4
889,0.79975713,0.21433896,-0.97568599,c6
890,0.18677457,-0.58436084,-0.75085504,c1
891,0.92809909,0.61805782,-0.83577926,c6
892,-0.98623853,-0.21840551,-0.96066945,c4
893,0.86382328,-0.07850682,-0.09458983,c1
894,0.05554980,0.49898941,0.82175383,c4
895,0.85722343,0.29838542,0.46549173,c0
896,0.22484784,-0.67829652,0.94958328,c2
897,0.41799268,-0.26783268,0.27557580,c0
898,0.89102892,0.37776174,0.32737899,c6
899,0.61600484,-0.07387973,-0.18769503,c1
900,0.49341264,0.14199101,0.05562391,c3
901,0.00709564,-0.66146944,0.05488535,c5
902,0.77954615,0.53367611,-0.29974492,c1
903,0.18384396,-0.65715439,0.56711773,c3
904,0.66848540,-0.86078388,0.18719489,c0
905,0.95135311,-0.48716977,0.20442891,c1
906,-0.26092363,0.55978063,-0.67811767,c5
907,-0.87196794,0.03272283,0.44590290,c6
908,-0.65676369,0.88396597,-0.06619575,c3
909,0.97137668,-0.76760825,-0.64868781,c1
910,-0.65576497,-0.71454849,0.64602661,c3
911,0.22875101,0.24749143,0.14314901,c2
912,0.47997613,0.74565585,-0.73027430,c5
913,-0.18683148,0.80461870,0.41365654,c3
914,0.35127825,-0.09860690,0.82371942,c3
915,-0.89592667,0.13146903,-0.04313979,c0
916,-0.96484370,0.01752915,0.17899852,c3
917,0.87312147,0.99199276,-0.77440108,c5
918,0.32310275,-0.91536213,-0.67174213,c6
919,-0.16503785,0.84655138,0.41355629,c0
920,0.58436886,-0.95834259,-0.71957233,c4
921,0.82301898,0.13707375,-0.83770809,c4
922,-0.74575410,0.12354642,0.58020472,c2
923,0.59027123,-0.30278763,0.89327262,c0
924,0.94734646,0.33394030,0.45258368,c1
925,-0.76496489,-0.71250039,-0.23509627,c6
926,-0.80411434,0.04280747,0.57238832,c0
927,-0.74825504,-0.74449601,0.25456025,c4
928,-0.18703760,-0.29089441,-0.54119725,c3
929,0.20673456,-0.67901360,-0.63438179,c3
930,-0.11915937,0.72843786,-0.50509732,c1
931,-0.96098165,0.48605637,-0.54051417,c0
932,0.36423060,-0.59429080,0.57218667,c1
933,-0.01392734,0.07032832,-0.28736518,c3
934,0.34857006,0.05278256,0.36010741,c4
935,0.13461702,-0.12892223,0.19863162,c2
936,0.90330559,-0.78886485,-0.79939711,c3
937,0.59639535,-0.55160234,0.59516865,c1
938,0.57017379,0.99951467,-0.37237225,c1
939,-0.69104275,0.53535456,-0.48390447,c1
940,0.47648255,-0.41340440,0.51168446,c3
941,-0.53856079,0.57314489,0.46845040,c3
942,-0.92660770,0.78863541,-0.17064542,c6
943,-0.45465409,-0.62874876,0.43449109,c2
944,0.49919726,0.79213084,0.05783005,c3
945,-0.96966857,0.89259855,-0.92127358,c1
946,0.56760669,0.00147413,0.19444439,c3
947,-0.33501949,0.16371043,0.57994744,c1
948,0.38102614,0.01160928,0.40120398,c5
949,0.40258983,-0.69013465,0.08825867,c0
950,-0.43116130,-0.29431171,-0.72568070,c6
951,-0.04805080,0.71525290,0.80710936,c4
952,-0.84931376,0.47772744,-0.26126382,c4
953,0.95312286,-0.69186992,-0.29967526,c1
954,0.02475067,0.58026350,-0.43233294,c1
955,-0.22176927,-0.02902248,-0.17586274,c5
956,-0.91896479,0.59700999,0.52712221,c5
957,-0.04277040,0.07565570,-0.71578216,c0
958,0.93964559,0.04051346,0.14544102,c5
959,-0.77130552,-0.85643872,0.81770714,c5
960,-0.68592866,-0.92519029,0.10782324,c6
961,0.21559974,-0.36921673,0.00024680,c0
962,-0.00053295,-0.63691996,-0.72413980,c2
963,0.72610046,0.83825933,0.07801068,c0
964,-0.51406643,0.04030751,-0.66793392,c2
965,-0.32068640,-0.05306802,-0.57526390,c1
966,-0.80320071,0.81093320,-0.95059081,c4
967,0.65609931,0.17790490,-0.37624487,c1
968,-0.64809859,0.17151242,-0.81415683,c3
969,-0.92515786,0.07759914,0.17502582,c1
970,0.45586716,0.75837103,0.00383826,c1
971,0.99223229,-0.07209062,-0.17283659,c2
972,0.41139505,-0.17973840,-0.58508744,c2
973,-0.47095309,-0.71863981,0.53447166,c3
974,-0.74246386,0.81601975,-0.25083673,c5
975,0.92093129,-0.37873774,0.03897404,c2
976,-0.46702473,0.13722033,-0.85020207,c3
977,0.19418013,0.14686869,-0.92255502,c5
978,0.26431233,0.95583372,-0.40733429,c4
979,0.46651880,0.68353118,-0.78655884,c2
980,0.57934349,0.19688203,-0.46921141,c4
981,-0.12711540,-0.28214366,-0.70566727,c2
982,0.94534246,0.63609540,-0.83610730,c6
983,0.11620798,-0.44213811,0.53333456,c0
984,0.03234175,0.12256822,0.33293948,c5
985,0.64319379,0.61813295,0.21653750,c5
986,-0.79858611,-0.07358462,-0.96034301,c1
987,0.44510257,0.82997826,0.03493963,c4
988,0.61795271,0.21142856,0.59107114,c0
989,-0.51646824,0.17658646,-0.95852249,c2
990,0.98995459,0.63273240,-0.63096306,c5
991,-0.25880303,0.35318230,-0.76694260,c1
992,0.93129967,0.05944083,-0.77523024,c4
993,-0.10228679,-0.44781707,-0.24241342,c0
994,-0.04996684,-0.57768671,0.49837655,c5
995,-0.36962383,0.37335412,-0.25399548,c5
996,-0.93835346,-0.31358905,-0.33661286,c3
997,-0.46005654,0.85896655,-0.23068581,c4
998,-0.97264116,0.94875302,-0.40371455,c1
999,0.70141583,0.65395200,-0.07938673,c0
